unit_process,case_study,scenario,units,value,constituent,calculation_type,reference,data_reference,constituent_longform
aeration_basin1,default,baseline,kg/m3,0.5,nonvolatile_toc,fractional_constituent_removal,nawi,Pulp and paper case study.,Nonvolatile TOC
aeration_basin1,default,baseline,kg/m3,0.7,bod,fractional_constituent_removal,nawi,Pulp and paper case study.,Biological Oxygen Demand (BOD)
aeration_basin1,default,baseline,kg/m3,0.7,cod,fractional_constituent_removal,nawi,Pulp and paper case study.,Chemical Oxygen Demand (COD)
aeration_basin1,default,baseline,kg/m3,0.70854,toc,fractional_constituent_removal,nawi,Pulp and paper case study.,Total Organic Carbon (TOC)
aeration_basin1,default,baseline,kg/m3,0.88,eeq,fractional_constituent_removal,nawi,Pulp and paper case study.,Estradiol Equivalency (EEQ)
aeration_basin1,default,baseline,kg/m3,0.99,viruses_enteric,fractional_constituent_removal,nawi,Pulp and paper case study.,Viruses (enteric)
aeration_basin1,default,baseline,kg/m3,0.998798,total_coliforms_fecal_ecoli,fractional_constituent_removal,nawi,Pulp and paper case study.,Total Coliforms (including fecal coliform and� E. Coli)
aeration_basin1,default,baseline,%,60,ultraviolet_transmittance_uvt,absolute_value,nawi,Pulp and paper case study.,Ultraviolet Transmittance (UVT)
aeration_basin2,default,baseline,kg/m3,0.5,bod,fractional_constituent_removal,nawi,Pulp and paper case study.,Biological Oxygen Demand (BOD)
aeration_basin2,default,baseline,kg/m3,0.5,thallium,fractional_constituent_removal,nawi,Pulp and paper case study.,Thallium
anaerobic_digestion_oxidation,default,baseline,kg/m3,0.75,tss,fractional_constituent_removal,nawi,Beef Processing case study.,Total Suspended Solids (TSS)
anaerobic_digestion_oxidation,default,baseline,kg/m3,0.97,bod,fractional_constituent_removal,nawi,Beef Processing case study.,Biological Oxygen Demand (BOD)
anion_exchange_epa,default,baseline,kg/m3,0.9,tds,fractional_constituent_removal,nawi,,
backwash_solids_handling,default,baseline,kg/m3,0.95,nitrate,fractional_constituent_removal,nawi,default,Nitrate (measured as Nitrogen)
backwash_solids_handling,default,baseline,kg/m3,0.95,toc,fractional_constituent_removal,nawi,default,Total Organic Carbon (TOC)
backwash_solids_handling,default,baseline,kg/m3,0.95,tss,fractional_constituent_removal,nawi,default,Total Suspended Solids (TSS))
bio_active_filtration,default,baseline,kg/m3,0.2,nonvolatile_toc,fractional_constituent_removal,nawi,Texas Water Development Board IT3PR User Manual,Nonvolatile TOC
bio_active_filtration,default,baseline,kg/m3,0.5,tss,fractional_constituent_removal,nawi,Texas Water Development Board IT3PR User Manual,Total Suspended Solids (TSS)
bio_active_filtration,default,baseline,%,85,ultraviolet_transmittance_uvt,absolute_value,nawi,Texas Water Development Board IT3PR User Manual,Ultraviolet Transmittance (UVT)
bioreactor,default,baseline,kg/m3,0.8,boron,fractional_constituent_removal,nawi,Texas Water Development Board IT3PR User Manual,"Boron, dissolved"
bioreactor,default,baseline,kg/m3,0.965,selenium,fractional_constituent_removal,nawi,Texas Water Development Board IT3PR User Manual,Selenium
brine_concentrator,default,baseline,kg/m3,0.98,alkalinity_as_caco3,fractional_constituent_removal,nawi,default,
brine_concentrator,default,baseline,kg/m3,0.98,aluminum,fractional_constituent_removal,nawi,default,
brine_concentrator,default,baseline,kg/m3,0.98,arsenic,fractional_constituent_removal,nawi,default,
brine_concentrator,default,baseline,kg/m3,0.98,barium,fractional_constituent_removal,nawi,default,
brine_concentrator,default,baseline,kg/m3,0.98,bicarbonate_alkalinity_as_caco3,fractional_constituent_removal,nawi,default,
brine_concentrator,default,baseline,kg/m3,0.98,boron,fractional_constituent_removal,nawi,default,
brine_concentrator,default,baseline,kg/m3,0.98,bromide,fractional_constituent_removal,nawi,default,
brine_concentrator,default,baseline,kg/m3,0.98,calcium,fractional_constituent_removal,nawi,default,
brine_concentrator,default,baseline,kg/m3,0.98,chloride,fractional_constituent_removal,nawi,default,
brine_concentrator,default,baseline,kg/m3,0.98,chromium,fractional_constituent_removal,nawi,default,
brine_concentrator,default,baseline,kg/m3,0.98,cyanide_as_free,fractional_constituent_removal,nawi,default,
brine_concentrator,default,baseline,S/m,0.98,electrical_conductivity,fractional_constituent_removal,nawi,default,
brine_concentrator,default,baseline,kg/m3,0.98,fluoride,fractional_constituent_removal,nawi,default,
brine_concentrator,default,baseline,kg/m3,0.98,hardness,fractional_constituent_removal,nawi,default,
brine_concentrator,default,baseline,kg/m3,0.98,iron,fractional_constituent_removal,nawi,default,
brine_concentrator,default,baseline,kg/m3,0.98,lead,fractional_constituent_removal,nawi,default,
brine_concentrator,default,baseline,kg/m3,0.98,magnesium,fractional_constituent_removal,nawi,default,
brine_concentrator,default,baseline,kg/m3,0.98,manganese,fractional_constituent_removal,nawi,default,
brine_concentrator,default,baseline,kg/m3,0.98,mercury,fractional_constituent_removal,nawi,default,
brine_concentrator,default,baseline,kg/m3,0.98,nickel,fractional_constituent_removal,nawi,default,
brine_concentrator,default,baseline,kg/m3,0.98,nitrate,fractional_constituent_removal,nawi,default,
brine_concentrator,default,baseline,kg/m3,0.98,nitrate_as_nitrogen,fractional_constituent_removal,nawi,default,
brine_concentrator,default,baseline,kg/m3,0.98,nitrite_as_nitrogen,fractional_constituent_removal,nawi,default,
brine_concentrator,default,baseline,kg/m3,0.98,phosphates,fractional_constituent_removal,nawi,default,
brine_concentrator,default,baseline,kg/m3,0.98,potassium,fractional_constituent_removal,nawi,default,
brine_concentrator,default,baseline,kg/m3,0.98,selenium,fractional_constituent_removal,nawi,default,
brine_concentrator,default,baseline,kg/m3,0.98,silicon,fractional_constituent_removal,nawi,default,
brine_concentrator,default,baseline,kg/m3,0.98,silver,fractional_constituent_removal,nawi,default,
brine_concentrator,default,baseline,kg/m3,0.98,sodium,fractional_constituent_removal,nawi,default,
brine_concentrator,default,baseline,kg/m3,0.98,strontium,fractional_constituent_removal,nawi,default,
brine_concentrator,default,baseline,kg/m3,0.98,sulfate,fractional_constituent_removal,nawi,default,
brine_concentrator,default,baseline,kg/m3,0.98,tds,fractional_constituent_removal,nawi,default,
brine_concentrator,default,baseline,kg/m3,0.98,total_coliforms_fecal_ecoli,fractional_constituent_removal,nawi,default,
brine_concentrator,default,baseline,kg/m3,0.98,trihalomethanes,fractional_constituent_removal,nawi,default,
brine_concentrator,default,baseline,kg/m3,0.98,tss,fractional_constituent_removal,nawi,default,
brine_concentrator,default,baseline,kg/m3,0.98,turbidity,fractional_constituent_removal,nawi,default,
brine_concentrator,default,baseline,kg/m3,0.98,zinc,fractional_constituent_removal,nawi,default,
brine_concentrator,upw,baseline,kg/m3,0.9,tds,fractional_constituent_removal,nawi,default,
brine_ro,uranium,baseline,kg/m3,0.992348,bicarbonate_alkalinity_as_caco3,fractional_constituent_removal,nawi,Calculated value for total TDS removal from DEEP 5.1 model from IAEA,Bicarbonate Alkalinity as CaCO3
brine_ro,uranium,baseline,kg/m3,0.992348,bromide,fractional_constituent_removal,nawi,Calculated value for total TDS removal from DEEP 5.1 model from IAEA,Bromide
brine_ro,uranium,baseline,kg/m3,0.992348,calcium,fractional_constituent_removal,nawi,Calculated value for total TDS removal from DEEP 5.1 model from IAEA,"Calcium, Dissolved"
brine_ro,uranium,baseline,kg/m3,0.992348,chloride,fractional_constituent_removal,nawi,Calculated value for total TDS removal from DEEP 5.1 model from IAEA,Chloride
brine_ro,uranium,baseline,kg/m3,0.992348,fluoride,fractional_constituent_removal,nawi,Calculated value for total TDS removal from DEEP 5.1 model from IAEA,Fluoride
brine_ro,uranium,baseline,kg/m3,0.992348,magnesium,fractional_constituent_removal,nawi,Calculated value for total TDS removal from DEEP 5.1 model from IAEA,"Magnesium, Dissolved"
brine_ro,uranium,baseline,kg/m3,0.992348,potassium,fractional_constituent_removal,nawi,Calculated value for total TDS removal from DEEP 5.1 model from IAEA,Potassium
brine_ro,uranium,baseline,kg/m3,0.992348,silicon,fractional_constituent_removal,nawi,Calculated value for total TDS removal from DEEP 5.1 model from IAEA,Silicon
brine_ro,uranium,baseline,kg/m3,0.992348,sodium,fractional_constituent_removal,nawi,Calculated value for total TDS removal from DEEP 5.1 model from IAEA,"Sodium, Dissolved"
brine_ro,uranium,baseline,kg/m3,0.992348,strontium,fractional_constituent_removal,nawi,Calculated value for total TDS removal from DEEP 5.1 model from IAEA,Strontium
brine_ro,uranium,baseline,kg/m3,0.992348,sulfate,fractional_constituent_removal,nawi,Calculated value for total TDS removal from DEEP 5.1 model from IAEA,"Sulfate, Dissolved"
brine_ro,uranium,baseline,kg/m3,0.992348,tds,fractional_constituent_removal,nawi,Calculated value for total TDS removal from DEEP 5.1 model from IAEA,Total Dissolved Solids (TDS)
cartridge_filtration,default,baseline,kg/m3,0.2,nonvolatile_toc,fractional_constituent_removal,nawi,Texas Water Development Board IT3PR User Manual,Nonvolatile TOC
cartridge_filtration,default,baseline,kg/m3,0.5,tss,fractional_constituent_removal,nawi,Texas Water Development Board IT3PR User Manual,Total Suspended Solids (TSS)
cartridge_filtration,default,baseline,fraction,70,ultraviolet_transmittance_uvt,absolute_value,nawi,Texas Water Development Board IT3PR User Manual,Ultraviolet Transmittance (UVT)
cas,default,baseline,kg/m3,0.5,nonvolatile_toc,fractional_constituent_removal,nawi,Texas Water Development Board IT3PR User Manual,Nonvolatile TOC
cas,default,baseline,kg/m3,0.5,tss,fractional_constituent_removal,nawi,Texas Water Development Board IT3PR User Manual,Total Suspended Solids (TSS)
cas,default,baseline,kg/m3,0.70854,toc,fractional_constituent_removal,nawi,Texas Water Development Board IT3PR User Manual,Total Organic Carbon (TOC)
cas,default,baseline,kg/m3,0.88,eeq,fractional_constituent_removal,nawi,Texas Water Development Board IT3PR User Manual,Estradiol Equivalency (EEQ)
cas,default,baseline,kg/m3,0.99,viruses_enteric,fractional_constituent_removal,nawi,Texas Water Development Board IT3PR User Manual,Viruses (enteric)
cas,default,baseline,kg/m3,0.998798,total_coliforms_fecal_ecoli,fractional_constituent_removal,nawi,Texas Water Development Board IT3PR User Manual,Total Coliforms (including fecal coliform and� E. Coli)
cas,default,baseline,%,60,ultraviolet_transmittance_uvt,absolute_value,nawi,Texas Water Development Board IT3PR User Manual,Ultraviolet Transmittance (UVT)
cas_denitrif,default,baseline,kg/m3,0.5,tss,fractional_constituent_removal,nawi,Texas Water Development Board IT3PR User Manual,Total Suspended Solids (TSS)
cas_denitrif,default,baseline,kg/m3,0.7,nonvolatile_toc,fractional_constituent_removal,nawi,Texas Water Development Board IT3PR User Manual,Nonvolatile TOC
cas_denitrif,default,baseline,kg/m3,0.70854,toc,fractional_constituent_removal,nawi,Texas Water Development Board IT3PR User Manual,Total Organic Carbon (TOC)
cas_denitrif,default,baseline,kg/m3,0.8,nitrate,fractional_constituent_removal,nawi,Texas Water Development Board IT3PR User Manual,"Nitrate-N, Dissolved"
cas_denitrif,default,baseline,kg/m3,0.88,eeq,fractional_constituent_removal,nawi,Texas Water Development Board IT3PR User Manual,Estradiol Equivalency (EEQ)
cas_denitrif,default,baseline,kg/m3,0.99,viruses_enteric,fractional_constituent_removal,nawi,Texas Water Development Board IT3PR User Manual,Viruses (enteric)
cas_denitrif,default,baseline,kg/m3,0.998798,total_coliforms_fecal_ecoli,fractional_constituent_removal,nawi,Texas Water Development Board IT3PR User Manual,Total Coliforms (including fecal coliform and� E. Coli)
cas_denitrif,default,baseline,%,70,ultraviolet_transmittance_uvt,absolute_value,nawi,Texas Water Development Board IT3PR User Manual,Ultraviolet Transmittance (UVT)
cas_nitrif,default,baseline,kg/m3,0.5,nonvolatile_toc,fractional_constituent_removal,nawi,Texas Water Development Board IT3PR User Manual,Nonvolatile TOC
cas_nitrif,default,baseline,kg/m3,0.5,tss,fractional_constituent_removal,nawi,Texas Water Development Board IT3PR User Manual,Total Suspended Solids (TSS)
cas_nitrif,default,baseline,kg/m3,0.70854,toc,fractional_constituent_removal,nawi,Texas Water Development Board IT3PR User Manual,Total Organic Carbon (TOC)
cas_nitrif,default,baseline,kg/m3,0.88,eeq,fractional_constituent_removal,nawi,Texas Water Development Board IT3PR User Manual,Estradiol Equivalency (EEQ)
cas_nitrif,default,baseline,kg/m3,0.99,viruses_enteric,fractional_constituent_removal,nawi,Texas Water Development Board IT3PR User Manual,Viruses (enteric)
cas_nitrif,default,baseline,kg/m3,0.998798,total_coliforms_fecal_ecoli,fractional_constituent_removal,nawi,Texas Water Development Board IT3PR User Manual,Total Coliforms (including fecal coliform and� E. Coli)
cas_nitrif,default,baseline,%,70,ultraviolet_transmittance_uvt,absolute_value,nawi,Texas Water Development Board IT3PR User Manual,Ultraviolet Transmittance (UVT)
chlorination,default,baseline,kg/m3,0.999148,total_coliforms_fecal_ecoli,fractional_constituent_removal,nawi,Texas Water Development Board IT3PR User Manual,Total Coliforms (including fecal coliform and� E. Coli)
chlorination,default,baseline,kg/m3,0.999664,viruses_enteric,fractional_constituent_removal,nawi,Texas Water Development Board IT3PR User Manual,Viruses (enteric)
clarifier,default,baseline,kg/m3,0.990826,tss,fractional_constituent_removal,nawi,"Based on ""Sedimentation"" cost model. See references in VAR. There will be minimal water losses.",Total Suspended Solids (TSS)
coag_and_floc,default,baseline,kg/m3,0.95,tss,fractional_constituent_removal,nawi,"(1) https://www.mrwa.com/WaterWorksMnl/Chapter%2012%20Coagulation.pdf, (2) Cost Estimating Manual for Water Treatment Facilities (McGivney/Kawamura), (3) https://www.iwapublishing.com/news/coagulation-and-flocculation-water-and-wastewater-treatment, (4) Water and Wastewater Engineering: Design Principles and Practice (Mackenzie L. Davis).",Total Suspended Solids (TSS)
crystallizer,default,baseline,kg/m3,0.98,alkalinity_as_caco3,fractional_constituent_removal,nawi,default,
crystallizer,default,baseline,kg/m3,0.98,aluminum,fractional_constituent_removal,nawi,default,
crystallizer,default,baseline,kg/m3,0.98,arsenic,fractional_constituent_removal,nawi,default,
crystallizer,default,baseline,kg/m3,0.98,barium,fractional_constituent_removal,nawi,default,
crystallizer,default,baseline,kg/m3,0.98,bicarbonate_alkalinity_as_caco3,fractional_constituent_removal,nawi,default,
crystallizer,default,baseline,kg/m3,0.98,boron,fractional_constituent_removal,nawi,default,
crystallizer,default,baseline,kg/m3,0.98,bromide,fractional_constituent_removal,nawi,default,
crystallizer,default,baseline,kg/m3,0.98,calcium,fractional_constituent_removal,nawi,default,
crystallizer,default,baseline,kg/m3,0.98,chloride,fractional_constituent_removal,nawi,default,
crystallizer,default,baseline,kg/m3,0.98,chromium,fractional_constituent_removal,nawi,default,
crystallizer,default,baseline,kg/m3,0.98,cyanide_as_free,fractional_constituent_removal,nawi,default,
crystallizer,default,baseline,S/m,0.98,electrical_conductivity,fractional_constituent_removal,nawi,default,
crystallizer,default,baseline,kg/m3,0.98,fluoride,fractional_constituent_removal,nawi,default,
crystallizer,default,baseline,kg/m3,0.98,hardness,fractional_constituent_removal,nawi,default,
crystallizer,default,baseline,kg/m3,0.98,iron,fractional_constituent_removal,nawi,default,
crystallizer,default,baseline,kg/m3,0.98,lead,fractional_constituent_removal,nawi,default,
crystallizer,default,baseline,kg/m3,0.98,magnesium,fractional_constituent_removal,nawi,default,
crystallizer,default,baseline,kg/m3,0.98,manganese,fractional_constituent_removal,nawi,default,
crystallizer,default,baseline,kg/m3,0.98,mercury,fractional_constituent_removal,nawi,default,
crystallizer,default,baseline,kg/m3,0.98,nickel,fractional_constituent_removal,nawi,default,
crystallizer,default,baseline,kg/m3,0.98,nitrate,fractional_constituent_removal,nawi,default,
crystallizer,default,baseline,kg/m3,0.98,nitrate_as_nitrogen,fractional_constituent_removal,nawi,default,
crystallizer,default,baseline,kg/m3,0.98,nitrite_as_nitrogen,fractional_constituent_removal,nawi,default,
crystallizer,default,baseline,kg/m3,0.98,phosphates,fractional_constituent_removal,nawi,default,
crystallizer,default,baseline,kg/m3,0.98,potassium,fractional_constituent_removal,nawi,default,
crystallizer,default,baseline,kg/m3,0.98,selenium,fractional_constituent_removal,nawi,default,
crystallizer,default,baseline,kg/m3,0.98,silicon,fractional_constituent_removal,nawi,default,
crystallizer,default,baseline,kg/m3,0.98,silver,fractional_constituent_removal,nawi,default,
crystallizer,default,baseline,kg/m3,0.98,sodium,fractional_constituent_removal,nawi,default,
crystallizer,default,baseline,kg/m3,0.98,strontium,fractional_constituent_removal,nawi,default,
crystallizer,default,baseline,kg/m3,0.98,sulfate,fractional_constituent_removal,nawi,default,
crystallizer,default,baseline,kg/m3,0.98,tds,fractional_constituent_removal,nawi,default,
crystallizer,default,baseline,kg/m3,0.98,total_coliforms_fecal_ecoli,fractional_constituent_removal,nawi,default,
crystallizer,default,baseline,kg/m3,0.98,trihalomethanes,fractional_constituent_removal,nawi,default,
crystallizer,default,baseline,kg/m3,0.98,tss,fractional_constituent_removal,nawi,default,
crystallizer,default,baseline,kg/m3,0.98,turbidity,fractional_constituent_removal,nawi,default,
crystallizer,default,baseline,kg/m3,0.98,zinc,fractional_constituent_removal,nawi,default,
crystallizer,upw,baseline,kg/m3,0.9,tds,fractional_constituent_removal,nawi,default,
dissolved_air_flotation,default,baseline,kg/m3,0.95,bod,fractional_constituent_removal,nawi,Beef Processing case study.,Biological Oxygen Demand (BOD)
dissolved_air_flotation,default,baseline,kg/m3,0.95,oil_and_grease,fractional_constituent_removal,nawi,Beef Processing case study.,Oil and Grease
dissolved_air_flotation,default,baseline,kg/m3,0.95,tss,fractional_constituent_removal,nawi,Beef Processing case study.,Total Suspended Solids (TSS)
dual_media_filtration,default,baseline,kg/m3,0.2,nonvolatile_toc,fractional_constituent_removal,nawi,Monterey case study.,Nonvolatile TOC
dual_media_filtration,default,baseline,kg/m3,0.2,toc,fractional_constituent_removal,nawi,Monterey case study.,Total Organic Carbon (TOC)
dual_media_filtration,default,baseline,kg/m3,0.97,tss,fractional_constituent_removal,nawi,Monterey case study.,Total Suspended Solids (TSS)
dual_media_filtration,default,baseline,%,70,ultraviolet_transmittance_uvt,absolute_value,nawi,Monterey case study.,Ultraviolet Transmittance (UVT)
electrodialysis_reversal,default,baseline,pH,-0.77,ph_max,delta_constituent_or_property,nawi,Irwin case study.,pH_Max
electrodialysis_reversal,default,baseline,pH,-0.77,ph_min,delta_constituent_or_property,nawi,Irwin case study.,pH_Min
electrodialysis_reversal,default,baseline,kg/m3,0.808696,tds,fractional_constituent_removal,nawi,Irwin case study.,Total Dissolved Solids (TDS)
electrodialysis_reversal,default,baseline,kg/m3,0.823529,fluoride,fractional_constituent_removal,nawi,Irwin case study.,Fluoride
electrodialysis_reversal,default,baseline,kg/m3,0.830347,bicarbonate_alkalinity_as_caco3,fractional_constituent_removal,nawi,Irwin case study.,Bicarbonate Alkalinity as CaCO3
electrodialysis_reversal,default,baseline,kg/m3,0.869487,sodium,fractional_constituent_removal,nawi,Irwin case study.,"Sodium, Dissolved"
electrodialysis_reversal,default,baseline,kg/m3,0.881773,nitrate,fractional_constituent_removal,nawi,Irwin case study.,"Nitrate-N, Dissolved"
electrodialysis_reversal,default,baseline,kg/m3,0.881773,nitrate_as_nitrogen,fractional_constituent_removal,nawi,Irwin case study.,Nitrate (measured as Nitrogen)
electrodialysis_reversal,default,baseline,kg/m3,0.891013,chloride,fractional_constituent_removal,nawi,Irwin case study.,Chloride
electrodialysis_reversal,default,baseline,kg/m3,0.892,arsenic,fractional_constituent_removal,nawi,Irwin case study.,Arsenic
electrodialysis_reversal,default,baseline,kg/m3,0.898876,potassium,fractional_constituent_removal,nawi,Irwin case study.,Potassium
electrodialysis_reversal,default,baseline,kg/m3,0.904762,magnesium,fractional_constituent_removal,nawi,Irwin case study.,"Magnesium, Dissolved"
electrodialysis_reversal,default,baseline,kg/m3,0.923325,sulfate,fractional_constituent_removal,nawi,Irwin case study.,"Sulfate, Dissolved"
electrodialysis_reversal,default,baseline,kg/m3,0.924528,hardness,fractional_constituent_removal,nawi,Irwin case study.,Hardness
electrodialysis_reversal,default,baseline,kg/m3,0.927273,calcium,fractional_constituent_removal,nawi,Irwin case study.,"Calcium, Dissolved"
electrodialysis_reversal,default,baseline,kg/m3,0.95,strontium,fractional_constituent_removal,nawi,Irwin case study.,Strontium
electrodialysis_reversal,default,baseline,kg/m3,0.995,barium,fractional_constituent_removal,nawi,Irwin case study.,Barium
evaporation_pond,default,baseline,kg/m3,0.98,alkalinity_as_caco3,fractional_constituent_removal,nawi,default,
evaporation_pond,default,baseline,kg/m3,0.98,aluminum,fractional_constituent_removal,nawi,default,
evaporation_pond,default,baseline,kg/m3,0.98,arsenic,fractional_constituent_removal,nawi,default,
evaporation_pond,default,baseline,kg/m3,0.98,barium,fractional_constituent_removal,nawi,default,
evaporation_pond,default,baseline,kg/m3,0.98,bicarbonate_alkalinity_as_caco3,fractional_constituent_removal,nawi,default,
evaporation_pond,default,baseline,kg/m3,0.98,boron,fractional_constituent_removal,nawi,default,
evaporation_pond,default,baseline,kg/m3,0.98,bromide,fractional_constituent_removal,nawi,default,
evaporation_pond,default,baseline,kg/m3,0.98,calcium,fractional_constituent_removal,nawi,default,
evaporation_pond,default,baseline,kg/m3,0.98,chloride,fractional_constituent_removal,nawi,default,
evaporation_pond,default,baseline,kg/m3,0.98,chromium,fractional_constituent_removal,nawi,default,
evaporation_pond,default,baseline,kg/m3,0.98,cyanide_as_free,fractional_constituent_removal,nawi,default,
evaporation_pond,default,baseline,S/m,0.98,electrical_conductivity,fractional_constituent_removal,nawi,default,
evaporation_pond,default,baseline,kg/m3,0.98,fluoride,fractional_constituent_removal,nawi,default,
evaporation_pond,default,baseline,kg/m3,0.98,hardness,fractional_constituent_removal,nawi,default,
evaporation_pond,default,baseline,kg/m3,0.98,iron,fractional_constituent_removal,nawi,default,
evaporation_pond,default,baseline,kg/m3,0.98,lead,fractional_constituent_removal,nawi,default,
evaporation_pond,default,baseline,kg/m3,0.98,magnesium,fractional_constituent_removal,nawi,default,
evaporation_pond,default,baseline,kg/m3,0.98,manganese,fractional_constituent_removal,nawi,default,
evaporation_pond,default,baseline,kg/m3,0.98,mercury,fractional_constituent_removal,nawi,default,
evaporation_pond,default,baseline,kg/m3,0.98,nickel,fractional_constituent_removal,nawi,default,
evaporation_pond,default,baseline,kg/m3,0.98,nitrate,fractional_constituent_removal,nawi,default,
evaporation_pond,default,baseline,kg/m3,0.98,nitrate_as_nitrogen,fractional_constituent_removal,nawi,default,
evaporation_pond,default,baseline,kg/m3,0.98,nitrite_as_nitrogen,fractional_constituent_removal,nawi,default,
evaporation_pond,default,baseline,kg/m3,0.98,phosphates,fractional_constituent_removal,nawi,default,
evaporation_pond,default,baseline,kg/m3,0.98,potassium,fractional_constituent_removal,nawi,default,
evaporation_pond,default,baseline,kg/m3,0.98,selenium,fractional_constituent_removal,nawi,default,
evaporation_pond,default,baseline,kg/m3,0.98,silicon,fractional_constituent_removal,nawi,default,
evaporation_pond,default,baseline,kg/m3,0.98,silver,fractional_constituent_removal,nawi,default,
evaporation_pond,default,baseline,kg/m3,0.98,sodium,fractional_constituent_removal,nawi,default,
evaporation_pond,default,baseline,kg/m3,0.98,strontium,fractional_constituent_removal,nawi,default,
evaporation_pond,default,baseline,kg/m3,0.98,sulfate,fractional_constituent_removal,nawi,default,
evaporation_pond,default,baseline,kg/m3,0.98,tds,fractional_constituent_removal,nawi,default,
evaporation_pond,default,baseline,kg/m3,0.98,total_coliforms_fecal_ecoli,fractional_constituent_removal,nawi,default,
evaporation_pond,default,baseline,kg/m3,0.98,trihalomethanes,fractional_constituent_removal,nawi,default,
evaporation_pond,default,baseline,kg/m3,0.98,tss,fractional_constituent_removal,nawi,default,
evaporation_pond,default,baseline,kg/m3,0.98,turbidity,fractional_constituent_removal,nawi,default,
evaporation_pond,default,baseline,kg/m3,0.98,zinc,fractional_constituent_removal,nawi,default,
filter_press,default,baseline,kg/m3,0.5,alkalinity_as_caco3,fractional_constituent_removal,nawi,default,
filter_press,default,baseline,kg/m3,0.5,aluminum,fractional_constituent_removal,nawi,default,
filter_press,default,baseline,kg/m3,0.5,arsenic,fractional_constituent_removal,nawi,default,
filter_press,default,baseline,kg/m3,0.5,barium,fractional_constituent_removal,nawi,default,
filter_press,default,baseline,kg/m3,0.5,bicarbonate_alkalinity_as_caco3,fractional_constituent_removal,nawi,default,
filter_press,default,baseline,kg/m3,0.5,boron,fractional_constituent_removal,nawi,default,
filter_press,default,baseline,kg/m3,0.5,bromide,fractional_constituent_removal,nawi,default,
filter_press,default,baseline,kg/m3,0.5,calcium,fractional_constituent_removal,nawi,default,
filter_press,default,baseline,kg/m3,0.5,chloride,fractional_constituent_removal,nawi,default,
filter_press,default,baseline,kg/m3,0.5,chromium,fractional_constituent_removal,nawi,default,
filter_press,default,baseline,kg/m3,0.5,cyanide_as_free,fractional_constituent_removal,nawi,default,
filter_press,default,baseline,S/m,0.5,electrical_conductivity,fractional_constituent_removal,nawi,default,
filter_press,default,baseline,kg/m3,0.5,fluoride,fractional_constituent_removal,nawi,default,
filter_press,default,baseline,kg/m3,0.5,hardness,fractional_constituent_removal,nawi,default,
filter_press,default,baseline,kg/m3,0.5,iron,fractional_constituent_removal,nawi,default,
filter_press,default,baseline,kg/m3,0.5,lead,fractional_constituent_removal,nawi,default,
filter_press,default,baseline,kg/m3,0.5,magnesium,fractional_constituent_removal,nawi,default,
filter_press,default,baseline,kg/m3,0.5,manganese,fractional_constituent_removal,nawi,default,
filter_press,default,baseline,kg/m3,0.5,mercury,fractional_constituent_removal,nawi,default,
filter_press,default,baseline,kg/m3,0.5,nickel,fractional_constituent_removal,nawi,default,
filter_press,default,baseline,kg/m3,0.5,nitrate,fractional_constituent_removal,nawi,default,
filter_press,default,baseline,kg/m3,0.5,nitrate_as_nitrogen,fractional_constituent_removal,nawi,default,
filter_press,default,baseline,kg/m3,0.5,nitrite_as_nitrogen,fractional_constituent_removal,nawi,default,
filter_press,default,baseline,kg/m3,0.5,phosphates,fractional_constituent_removal,nawi,default,
filter_press,default,baseline,kg/m3,0.5,potassium,fractional_constituent_removal,nawi,default,
filter_press,default,baseline,kg/m3,0.5,selenium,fractional_constituent_removal,nawi,default,
filter_press,default,baseline,kg/m3,0.5,silicon,fractional_constituent_removal,nawi,default,
filter_press,default,baseline,kg/m3,0.5,silver,fractional_constituent_removal,nawi,default,
filter_press,default,baseline,kg/m3,0.5,sodium,fractional_constituent_removal,nawi,default,
filter_press,default,baseline,kg/m3,0.5,strontium,fractional_constituent_removal,nawi,default,
filter_press,default,baseline,kg/m3,0.5,sulfate,fractional_constituent_removal,nawi,default,
filter_press,default,baseline,kg/m3,0.5,tds,fractional_constituent_removal,nawi,default,
filter_press,default,baseline,kg/m3,0.98,tss,fractional_constituent_removal,nawi,default,
filter_press,default,baseline,kg/m3,0.98,turbidity,fractional_constituent_removal,nawi,default,
filter_press,default,baseline,kg/m3,0.5,zinc,fractional_constituent_removal,nawi,default,
gac_pressure_vessel,default,baseline,kg/m3,0.2,nonvolatile_toc,fractional_constituent_removal,nawi,EPA model: https://www.epa.gov/sdwa/drinking-water-treatment-technology-unit-cost-models,Nonvolatile TOC
gac_pressure_vessel,default,baseline,kg/m3,0.97,tss,fractional_constituent_removal,nawi,EPA model: https://www.epa.gov/sdwa/drinking-water-treatment-technology-unit-cost-models,Total Suspended Solids (TSS)
gac_pressure_vessel,default,baseline,%,85,ultraviolet_transmittance_uvt,absolute_value,nawi,EPA model: https://www.epa.gov/sdwa/drinking-water-treatment-technology-unit-cost-models,Ultraviolet Transmittance (UVT)
iron_and_manganese_removal,default,baseline,kg/m3,0.9,iron,fractional_constituent_removal,nawi,"(1) https://onlinelibrary.wiley.com/doi/pdf/10.1002/9780470260036.ch5, (2) Cost Estimating Manual for Water Treatment Facilities (McGivney/Kawamura), (3) https://www.lenntech.com/schema-of-an-iron-removal-system.htm, (4) https://www.osti.gov/servlets/purl/797810/",Iron
iron_and_manganese_removal,default,baseline,kg/m3,0.9,manganese,fractional_constituent_removal,nawi,"(1) https://onlinelibrary.wiley.com/doi/pdf/10.1002/9780470260036.ch5, (2) Cost Estimating Manual for Water Treatment Facilities (McGivney/Kawamura), (3) https://www.lenntech.com/schema-of-an-iron-removal-system.htm, (4) https://www.osti.gov/servlets/purl/797810/",Manganese
mbr_nitrification,default,baseline,kg/m3,0.5,tss,fractional_constituent_removal,nawi,Texas Water Development Board IT3PR User Manual,Total Suspended Solids (TSS)
mbr_nitrification,default,baseline,kg/m3,0.6,nonvolatile_toc,fractional_constituent_removal,nawi,Texas Water Development Board IT3PR User Manual,Nonvolatile TOC
mbr_nitrification,default,baseline,kg/m3,0.70854,toc,fractional_constituent_removal,nawi,Texas Water Development Board IT3PR User Manual,Total Organic Carbon (TOC)
mbr_nitrification,default,baseline,kg/m3,0.88,eeq,fractional_constituent_removal,nawi,Texas Water Development Board IT3PR User Manual,Estradiol Equivalency (EEQ)
mbr_nitrification,default,baseline,kg/m3,0.99,viruses_enteric,fractional_constituent_removal,nawi,Texas Water Development Board IT3PR User Manual,Viruses (enteric)
mbr_nitrification,default,baseline,kg/m3,0.998798,total_coliforms_fecal_ecoli,fractional_constituent_removal,nawi,Texas Water Development Board IT3PR User Manual,Total Coliforms (including fecal coliform and� E. Coli)
mbr_nitrification,default,baseline,kg/m3,0.9999,cryptosporidium,fractional_constituent_removal,nawi,Texas Water Development Board IT3PR User Manual,Cryptosporidium
mbr_nitrification,default,baseline,%,70,ultraviolet_transmittance_uvt,absolute_value,nawi,Texas Water Development Board IT3PR User Manual,Ultraviolet Transmittance (UVT)
media_filtration,default,baseline,kg/m3,0.2,nonvolatile_toc,fractional_constituent_removal,nawi,Texas Water Development Board IT3PR User Manual,Nonvolatile TOC
media_filtration,default,baseline,kg/m3,0.5,tss,fractional_constituent_removal,nawi,Texas Water Development Board IT3PR User Manual,Total Suspended Solids (TSS)
media_filtration,default,baseline,%,70,ultraviolet_transmittance_uvt,absolute_value,nawi,Texas Water Development Board IT3PR User Manual,Ultraviolet Transmittance (UVT)
microfiltration,default,baseline,kg/m3,0.1,toc,fractional_constituent_removal,nawi,Texas Water Development Board IT3PR User Manual,Total Organic Carbon (TOC)
microfiltration,default,baseline,kg/m3,0.3,eeq,fractional_constituent_removal,nawi,Texas Water Development Board IT3PR User Manual,Estradiol Equivalency (EEQ)
microfiltration,default,baseline,kg/m3,0.97,tss,fractional_constituent_removal,nawi,Texas Water Development Board IT3PR User Manual,Total Suspended Solids (TSS)
microfiltration,default,baseline,kg/m3,0.999,cryptosporidium,fractional_constituent_removal,nawi,Texas Water Development Board IT3PR User Manual,Cryptosporidium
microfiltration,default,baseline,%,75,ultraviolet_transmittance_uvt,absolute_value,nawi,Texas Water Development Board IT3PR User Manual,Ultraviolet Transmittance (UVT)
nano_filtration,default,baseline,kg/m3,0.05,ndma,fractional_constituent_removal,nawi,Texas Water Development Board IT3PR User Manual,N-nitrosodimethylamine (NDMA)
nano_filtration,default,baseline,kg/m3,0.75,eeq,fractional_constituent_removal,nawi,Texas Water Development Board IT3PR User Manual,Estradiol Equivalency (EEQ)
nano_filtration,default,baseline,kg/m3,0.75,toc,fractional_constituent_removal,nawi,Texas Water Development Board IT3PR User Manual,Total Organic Carbon (TOC)
nano_filtration,default,baseline,kg/m3,0.8,endothall,fractional_constituent_removal,nawi,Texas Water Development Board IT3PR User Manual,Endothall
nano_filtration,default,baseline,kg/m3,0.8,endrin,fractional_constituent_removal,nawi,Texas Water Development Board IT3PR User Manual,Endrin
nano_filtration,default,baseline,kg/m3,0.8,iron,fractional_constituent_removal,nawi,Texas Water Development Board IT3PR User Manual,Iron
nano_filtration,default,baseline,kg/m3,0.8,manganese,fractional_constituent_removal,nawi,Texas Water Development Board IT3PR User Manual,Manganese
nano_filtration,default,baseline,kg/m3,0.9,perfluorooctane_sulfonate_pfos,fractional_constituent_removal,nawi,Texas Water Development Board IT3PR User Manual,Perfluorooctane sulfonate (PFOS)
nano_filtration,default,baseline,kg/m3,0.9,perfluorootanoate_pfoa,fractional_constituent_removal,nawi,Texas Water Development Board IT3PR User Manual,Perfluorootanoate (PFOA)
nano_filtration,default,baseline,kg/m3,0.93,nonvolatile_toc,fractional_constituent_removal,nawi,Texas Water Development Board IT3PR User Manual,Nonvolatile TOC
nano_filtration,default,baseline,kg/m3,0.97,hardness,fractional_constituent_removal,nawi,Texas Water Development Board IT3PR User Manual,Hardness
nano_filtration,default,baseline,kg/m3,0.97,hydroxide_alkalinity_as_caco3,fractional_constituent_removal,nawi,Texas Water Development Board IT3PR User Manual,Hydroxide Alkalinity as CaCO3
nano_filtration,default,baseline,kg/m3,0.97,sodium,fractional_constituent_removal,nawi,Texas Water Development Board IT3PR User Manual,"Sodium, Dissolved"
nano_filtration,default,baseline,kg/m3,0.97,sulfate,fractional_constituent_removal,nawi,Texas Water Development Board IT3PR User Manual,"Sulfate, Dissolved"
nano_filtration,default,baseline,kg/m3,0.97,sulfur,fractional_constituent_removal,nawi,Texas Water Development Board IT3PR User Manual,Sulfur
nano_filtration,default,baseline,kg/m3,0.97,tss,fractional_constituent_removal,nawi,Texas Water Development Board IT3PR User Manual,Total Suspended Solids (TSS)
nano_filtration,default,baseline,kg/m3,0.99,magnesium,fractional_constituent_removal,nawi,Texas Water Development Board IT3PR User Manual,"Magnesium, Dissolved"
nano_filtration,default,baseline,kg/m3,0.99,phosphates,fractional_constituent_removal,nawi,Texas Water Development Board IT3PR User Manual,"Phosphates, Dissolved"
nano_filtration,default,baseline,kg/m3,0.99,potassium,fractional_constituent_removal,nawi,Texas Water Development Board IT3PR User Manual,Potassium
nano_filtration,default,baseline,%,90,ultraviolet_transmittance_uvt,absolute_value,nawi,Texas Water Development Board IT3PR User Manual,Ultraviolet Transmittance (UVT)
ozone_aop,default,baseline,kg/m3,0.294787,cryptosporidium,fractional_constituent_removal,nawi,Texas Water Development Board IT3PR User Manual,Cryptosporidium
ozone_aop,default,baseline,kg/m3,0.728305,toc,fractional_constituent_removal,nawi,Texas Water Development Board IT3PR User Manual,Total Organic Carbon (TOC)
ozone_aop,default,baseline,kg/m3,0.903239,giardia_lamblia,fractional_constituent_removal,nawi,Texas Water Development Board IT3PR User Manual,Giardia lamblia
ozone_aop,default,baseline,kg/m3,0.989434,eeq,fractional_constituent_removal,nawi,Texas Water Development Board IT3PR User Manual,Estradiol Equivalency (EEQ)
ozone_aop,default,baseline,kg/m3,0.997225,total_coliforms_fecal_ecoli,fractional_constituent_removal,nawi,Texas Water Development Board IT3PR User Manual,Total Coliforms (including fecal coliform and� E. Coli)
ozone_aop,default,baseline,kg/m3,0.997225,viruses_enteric,fractional_constituent_removal,nawi,Texas Water Development Board IT3PR User Manual,Viruses (enteric)
primary_separator,default,baseline,kg/m3,0.9,oil_and_grease,fractional_constituent_removal,nawi,Defined based on the Iron and Steel case study data.,Oil and Grease
primary_separator,default,baseline,kg/m3,0.9,oily_matter,fractional_constituent_removal,nawi,Defined based on the Iron and Steel case study data.,Oily Matter
primary_separator,default,baseline,kg/m3,0.990826,tss,fractional_constituent_removal,nawi,Defined based on the Iron and Steel case study data.,Total Suspended Solids (TSS)
reverse_osmosis,ashkelon,baseline,kg/m3,0.992881,bicarbonate_alkalinity_as_caco3,fractional_constituent_removal,nawi,Calculated value for total TDS removal from DEEP 5.1 model from IAEA,Bicarbonate Alkalinity as CaCO3
reverse_osmosis,ashkelon,baseline,kg/m3,0.992881,bromide,fractional_constituent_removal,nawi,Calculated value for total TDS removal from DEEP 5.1 model from IAEA,Bromide
reverse_osmosis,ashkelon,baseline,kg/m3,0.992881,calcium,fractional_constituent_removal,nawi,Calculated value for total TDS removal from DEEP 5.1 model from IAEA,"Calcium, Dissolved"
reverse_osmosis,ashkelon,baseline,kg/m3,0.992881,chloride,fractional_constituent_removal,nawi,Calculated value for total TDS removal from DEEP 5.1 model from IAEA,Chloride
reverse_osmosis,ashkelon,baseline,kg/m3,0.992881,fluoride,fractional_constituent_removal,nawi,Calculated value for total TDS removal from DEEP 5.1 model from IAEA,Fluoride
reverse_osmosis,ashkelon,baseline,kg/m3,0.992881,magnesium,fractional_constituent_removal,nawi,Calculated value for total TDS removal from DEEP 5.1 model from IAEA,"Magnesium, Dissolved"
reverse_osmosis,ashkelon,baseline,kg/m3,0.992881,potassium,fractional_constituent_removal,nawi,Calculated value for total TDS removal from DEEP 5.1 model from IAEA,Potassium
reverse_osmosis,ashkelon,baseline,kg/m3,0.992881,silicon,fractional_constituent_removal,nawi,Calculated value for total TDS removal from DEEP 5.1 model from IAEA,Silicon
reverse_osmosis,ashkelon,baseline,kg/m3,0.992881,sodium,fractional_constituent_removal,nawi,Calculated value for total TDS removal from DEEP 5.1 model from IAEA,"Sodium, Dissolved"
reverse_osmosis,ashkelon,baseline,kg/m3,0.992881,strontium,fractional_constituent_removal,nawi,Calculated value for total TDS removal from DEEP 5.1 model from IAEA,Strontium
reverse_osmosis,ashkelon,baseline,kg/m3,0.992881,sulfate,fractional_constituent_removal,nawi,Calculated value for total TDS removal from DEEP 5.1 model from IAEA,"Sulfate, Dissolved"
reverse_osmosis,ashkelon,baseline,kg/m3,0.992881,tds,fractional_constituent_removal,nawi,Calculated value for total TDS removal from DEEP 5.1 model from IAEA,Total Dissolved Solids (TDS)
reverse_osmosis,ashkelon,baseline,kg/m3,0.992881,tss,fractional_constituent_removal,nawi,Calculated value for total TDS removal from DEEP 5.1 model from IAEA,Total Suspended Solids (TSS)
reverse_osmosis,ashkelon,baseline,kg/m3,0.9,toc,fractional_constituent_removal,nawi,"From: ""TOC removal in reclamation of municipal wastewater by RO"" (2005) https://doi.org/10.1016/j.seppur.2005.04.004 -KAS",Total Organic Carbon (TOC)
reverse_osmosis,default,baseline,kg/m3,0.98,arsenic,fractional_constituent_removal,nawi,doi:10.3390/polym11081252 ,Arsenic
reverse_osmosis,default,baseline,kg/m3,0.98,bicarbonate_alkalinity_as_caco3,fractional_constituent_removal,nawi,doi:10.3390/polym11081252 ,Bicarbonate Alkalinity as CaCO3
reverse_osmosis,default,baseline,kg/m3,0.9,boron,fractional_constituent_removal,nawi,https://doi.org/10.1016/j.seppur.2010.07.021,Boron
reverse_osmosis,default,baseline,kg/m3,0.98,bromide,fractional_constituent_removal,nawi,doi:10.3390/polym11081252 ,Bromide
reverse_osmosis,default,baseline,kg/m3,0.98,calcium,fractional_constituent_removal,nawi,doi:10.3390/polym11081253,"Calcium, Dissolved"
reverse_osmosis,default,baseline,kg/m3,0.98,chloride,fractional_constituent_removal,nawi,doi:10.3390/polym11081254,Chloride
reverse_osmosis,default,baseline,kg/m3,0.98,fluoride,fractional_constituent_removal,nawi,doi:10.3390/polym11081255,Fluoride
reverse_osmosis,default,baseline,kg/m3,0.98,magnesium,fractional_constituent_removal,nawi,doi:10.3390/polym11081256,"Magnesium, Dissolved"
reverse_osmosis,default,baseline,kg/m3,0.98,potassium,fractional_constituent_removal,nawi,doi:10.3390/polym11081257,Potassium
reverse_osmosis,default,baseline,kg/m3,0.98,silicon,fractional_constituent_removal,nawi,doi:10.3390/polym11081258,Silicon
reverse_osmosis,default,baseline,kg/m3,0.98,sodium,fractional_constituent_removal,nawi,doi:10.3390/polym11081259,"Sodium, Dissolved"
reverse_osmosis,default,baseline,kg/m3,0.98,strontium,fractional_constituent_removal,nawi,doi:10.3390/polym11081260,Strontium
reverse_osmosis,default,baseline,kg/m3,0.98,sulfate,fractional_constituent_removal,nawi,doi:10.3390/polym11081261,"Sulfate, Dissolved"
reverse_osmosis,default,baseline,kg/m3,0.98,electrical_conductivity,fractional_constituent_removal,nawi,doi:10.3390/polym11081262,Total Dissolved Solids (TDS)
reverse_osmosis,default,baseline,kg/m3,0.98,tds,fractional_constituent_removal,nawi,doi:10.3390/polym11081262,Total Dissolved Solids (TDS)
reverse_osmosis,default,baseline,kg/m3,0.98,tss,fractional_constituent_removal,nawi,doi:10.3390/polym11081263,Total Suspended Solids (TSS)
reverse_osmosis,big_spring,baseline,kg/m3,0.99,tss,fractional_constituent_removal,nawi,"From: ""TOC removal in reclamation of municipal wastewater by RO"" (2005) https://doi.org/10.1016/j.seppur.2005.04.004 -KAS",Total Suspended Solids (TSS)
reverse_osmosis,big_spring,baseline,kg/m3,0.973097,bicarbonate_alkalinity_as_caco3,fractional_constituent_removal,nawi,Calculated value for total TDS removal from DEEP 5.1 model from IAEA,Bicarbonate Alkalinity as CaCO3
reverse_osmosis,big_spring,baseline,kg/m3,0.973097,bromide,fractional_constituent_removal,nawi,Calculated value for total TDS removal from DEEP 5.1 model from IAEA,Bromide
reverse_osmosis,big_spring,baseline,kg/m3,0.973097,calcium,fractional_constituent_removal,nawi,Calculated value for total TDS removal from DEEP 5.1 model from IAEA,"Calcium, Dissolved"
reverse_osmosis,big_spring,baseline,kg/m3,0.973097,chloride,fractional_constituent_removal,nawi,Calculated value for total TDS removal from DEEP 5.1 model from IAEA,Chloride
reverse_osmosis,big_spring,baseline,kg/m3,0.973097,fluoride,fractional_constituent_removal,nawi,Calculated value for total TDS removal from DEEP 5.1 model from IAEA,Fluoride
reverse_osmosis,big_spring,baseline,kg/m3,0.973097,magnesium,fractional_constituent_removal,nawi,Calculated value for total TDS removal from DEEP 5.1 model from IAEA,"Magnesium, Dissolved"
reverse_osmosis,big_spring,baseline,kg/m3,0.973097,potassium,fractional_constituent_removal,nawi,Calculated value for total TDS removal from DEEP 5.1 model from IAEA,Potassium
reverse_osmosis,big_spring,baseline,kg/m3,0.973097,silicon,fractional_constituent_removal,nawi,Calculated value for total TDS removal from DEEP 5.1 model from IAEA,Silicon
reverse_osmosis,big_spring,baseline,kg/m3,0.973097,sodium,fractional_constituent_removal,nawi,Calculated value for total TDS removal from DEEP 5.1 model from IAEA,"Sodium, Dissolved"
reverse_osmosis,big_spring,baseline,kg/m3,0.973097,strontium,fractional_constituent_removal,nawi,Calculated value for total TDS removal from DEEP 5.1 model from IAEA,Strontium
reverse_osmosis,big_spring,baseline,kg/m3,0.973097,sulfate,fractional_constituent_removal,nawi,Calculated value for total TDS removal from DEEP 5.1 model from IAEA,"Sulfate, Dissolved"
reverse_osmosis,big_spring,baseline,kg/m3,0.973097,tds,fractional_constituent_removal,nawi,Calculated value for total TDS removal from DEEP 5.1 model from IAEA,Total Dissolved Solids (TDS)
reverse_osmosis,big_spring,baseline,kg/m3,0.9,toc,fractional_constituent_removal,nawi,"From: ""TOC removal in reclamation of municipal wastewater by RO"" (2005) https://doi.org/10.1016/j.seppur.2005.04.004 -KAS",Total Organic Carbon (TOC)
reverse_osmosis,carlsbad,baseline,kg/m3,0.99,tss,fractional_constituent_removal,nawi,"From: ""TOC removal in reclamation of municipal wastewater by RO"" (2005) https://doi.org/10.1016/j.seppur.2005.04.004 -KAS",Total Suspended Solids (TSS)
reverse_osmosis,carlsbad,baseline,kg/m3,0.992,bicarbonate_alkalinity_as_caco3,fractional_constituent_removal,nawi,Calculated value for total TDS removal from DEEP 5.1 model from IAEA,Bicarbonate Alkalinity as CaCO3
reverse_osmosis,carlsbad,baseline,kg/m3,0.992,bromide,fractional_constituent_removal,nawi,Calculated value for total TDS removal from DEEP 5.1 model from IAEA,Bromide
reverse_osmosis,carlsbad,baseline,kg/m3,0.992,calcium,fractional_constituent_removal,nawi,Calculated value for total TDS removal from DEEP 5.1 model from IAEA,"Calcium, Dissolved"
reverse_osmosis,carlsbad,baseline,kg/m3,0.992,chloride,fractional_constituent_removal,nawi,Calculated value for total TDS removal from DEEP 5.1 model from IAEA,Chloride
reverse_osmosis,carlsbad,baseline,kg/m3,0.992,fluoride,fractional_constituent_removal,nawi,Calculated value for total TDS removal from DEEP 5.1 model from IAEA,Fluoride
reverse_osmosis,carlsbad,baseline,kg/m3,0.992,magnesium,fractional_constituent_removal,nawi,Calculated value for total TDS removal from DEEP 5.1 model from IAEA,"Magnesium, Dissolved"
reverse_osmosis,carlsbad,baseline,kg/m3,0.992,potassium,fractional_constituent_removal,nawi,Calculated value for total TDS removal from DEEP 5.1 model from IAEA,Potassium
reverse_osmosis,carlsbad,baseline,kg/m3,0.992,silicon,fractional_constituent_removal,nawi,Calculated value for total TDS removal from DEEP 5.1 model from IAEA,Silicon
reverse_osmosis,carlsbad,baseline,kg/m3,0.992,sodium,fractional_constituent_removal,nawi,Calculated value for total TDS removal from DEEP 5.1 model from IAEA,"Sodium, Dissolved"
reverse_osmosis,carlsbad,baseline,kg/m3,0.992,strontium,fractional_constituent_removal,nawi,Calculated value for total TDS removal from DEEP 5.1 model from IAEA,Strontium
reverse_osmosis,carlsbad,baseline,kg/m3,0.992,sulfate,fractional_constituent_removal,nawi,Calculated value for total TDS removal from DEEP 5.1 model from IAEA,"Sulfate, Dissolved"
reverse_osmosis,carlsbad,baseline,kg/m3,0.992,tds,fractional_constituent_removal,nawi,Calculated value for total TDS removal from DEEP 5.1 model from IAEA,Total Dissolved Solids (TDS)
reverse_osmosis,carlsbad,baseline,kg/m3,0.9,toc,fractional_constituent_removal,nawi,"From: ""TOC removal in reclamation of municipal wastewater by RO"" (2005) https://doi.org/10.1016/j.seppur.2005.04.004 -KAS",Total Organic Carbon (TOC)
reverse_osmosis,cherokee,baseline,kg/m3,0.99,tss,fractional_constituent_removal,nawi,"From: ""TOC removal in reclamation of municipal wastewater by RO"" (2005) https://doi.org/10.1016/j.seppur.2005.04.004 -KAS",Total Suspended Solids (TSS)
reverse_osmosis,cherokee,baseline,kg/m3,0.953008,bicarbonate_alkalinity_as_caco3,fractional_constituent_removal,nawi,Calculated value for total TDS removal from DEEP 5.1 model from IAEA,Bicarbonate Alkalinity as CaCO3
reverse_osmosis,cherokee,baseline,kg/m3,0.953008,bromide,fractional_constituent_removal,nawi,Calculated value for total TDS removal from DEEP 5.1 model from IAEA,Bromide
reverse_osmosis,cherokee,baseline,kg/m3,0.953008,calcium,fractional_constituent_removal,nawi,Calculated value for total TDS removal from DEEP 5.1 model from IAEA,"Calcium, Dissolved"
reverse_osmosis,cherokee,baseline,kg/m3,0.953008,chloride,fractional_constituent_removal,nawi,Calculated value for total TDS removal from DEEP 5.1 model from IAEA,Chloride
reverse_osmosis,cherokee,baseline,kg/m3,0.953008,fluoride,fractional_constituent_removal,nawi,Calculated value for total TDS removal from DEEP 5.1 model from IAEA,Fluoride
reverse_osmosis,cherokee,baseline,kg/m3,0.953008,magnesium,fractional_constituent_removal,nawi,Calculated value for total TDS removal from DEEP 5.1 model from IAEA,"Magnesium, Dissolved"
reverse_osmosis,cherokee,baseline,kg/m3,0.953008,potassium,fractional_constituent_removal,nawi,Calculated value for total TDS removal from DEEP 5.1 model from IAEA,Potassium
reverse_osmosis,cherokee,baseline,kg/m3,0.953008,silicon,fractional_constituent_removal,nawi,Calculated value for total TDS removal from DEEP 5.1 model from IAEA,Silicon
reverse_osmosis,cherokee,baseline,kg/m3,0.953008,sodium,fractional_constituent_removal,nawi,Calculated value for total TDS removal from DEEP 5.1 model from IAEA,"Sodium, Dissolved"
reverse_osmosis,cherokee,baseline,kg/m3,0.953008,strontium,fractional_constituent_removal,nawi,Calculated value for total TDS removal from DEEP 5.1 model from IAEA,Strontium
reverse_osmosis,cherokee,baseline,kg/m3,0.953008,sulfate,fractional_constituent_removal,nawi,Calculated value for total TDS removal from DEEP 5.1 model from IAEA,"Sulfate, Dissolved"
reverse_osmosis,cherokee,baseline,kg/m3,0.953008,tds,fractional_constituent_removal,nawi,Calculated value for total TDS removal from DEEP 5.1 model from IAEA,Total Dissolved Solids (TDS)
reverse_osmosis,cherokee,baseline,kg/m3,0.9,toc,fractional_constituent_removal,nawi,"From: ""TOC removal in reclamation of municipal wastewater by RO"" (2005) https://doi.org/10.1016/j.seppur.2005.04.004 -KAS",Total Organic Carbon (TOC)
reverse_osmosis,damodar_pr,baseline,kg/m3,0.99,tss,fractional_constituent_removal,nawi,"From: ""TOC removal in reclamation of municipal wastewater by RO"" (2005) https://doi.org/10.1016/j.seppur.2005.04.004 -KAS",Total Suspended Solids (TSS)
reverse_osmosis,damodar_pr,baseline,kg/m3,0.9793,bicarbonate_alkalinity_as_caco3,fractional_constituent_removal,nawi,Calculated value for total TDS removal from DEEP 5.1 model from IAEA,Bicarbonate Alkalinity as CaCO3
reverse_osmosis,damodar_pr,baseline,kg/m3,0.9793,bromide,fractional_constituent_removal,nawi,Calculated value for total TDS removal from DEEP 5.1 model from IAEA,Bromide
reverse_osmosis,damodar_pr,baseline,kg/m3,0.9793,calcium,fractional_constituent_removal,nawi,Calculated value for total TDS removal from DEEP 5.1 model from IAEA,"Calcium, Dissolved"
reverse_osmosis,damodar_pr,baseline,kg/m3,0.9793,chloride,fractional_constituent_removal,nawi,Calculated value for total TDS removal from DEEP 5.1 model from IAEA,Chloride
reverse_osmosis,damodar_pr,baseline,kg/m3,0.9793,fluoride,fractional_constituent_removal,nawi,Calculated value for total TDS removal from DEEP 5.1 model from IAEA,Fluoride
reverse_osmosis,damodar_pr,baseline,kg/m3,0.9793,magnesium,fractional_constituent_removal,nawi,Calculated value for total TDS removal from DEEP 5.1 model from IAEA,"Magnesium, Dissolved"
reverse_osmosis,damodar_pr,baseline,kg/m3,0.9793,potassium,fractional_constituent_removal,nawi,Calculated value for total TDS removal from DEEP 5.1 model from IAEA,Potassium
reverse_osmosis,damodar_pr,baseline,kg/m3,0.9793,silicon,fractional_constituent_removal,nawi,Calculated value for total TDS removal from DEEP 5.1 model from IAEA,Silicon
reverse_osmosis,damodar_pr,baseline,kg/m3,0.9793,sodium,fractional_constituent_removal,nawi,Calculated value for total TDS removal from DEEP 5.1 model from IAEA,"Sodium, Dissolved"
reverse_osmosis,damodar_pr,baseline,kg/m3,0.9793,strontium,fractional_constituent_removal,nawi,Calculated value for total TDS removal from DEEP 5.1 model from IAEA,Strontium
reverse_osmosis,damodar_pr,baseline,kg/m3,0.9793,sulfate,fractional_constituent_removal,nawi,Calculated value for total TDS removal from DEEP 5.1 model from IAEA,"Sulfate, Dissolved"
reverse_osmosis,damodar_pr,baseline,kg/m3,0.9793,tds,fractional_constituent_removal,nawi,Calculated value for total TDS removal from DEEP 5.1 model from IAEA,Total Dissolved Solids (TDS)
reverse_osmosis,damodar_pr,baseline,kg/m3,0.9,toc,fractional_constituent_removal,nawi,"From: ""TOC removal in reclamation of municipal wastewater by RO"" (2005) https://doi.org/10.1016/j.seppur.2005.04.004 -KAS",Total Organic Carbon (TOC)
reverse_osmosis,damodar_sj,baseline,kg/m3,0.99,tss,fractional_constituent_removal,nawi,"From: ""TOC removal in reclamation of municipal wastewater by RO"" (2005) https://doi.org/10.1016/j.seppur.2005.04.004 -KAS",Total Suspended Solids (TSS)
reverse_osmosis,damodar_sj,baseline,kg/m3,0.9784,bicarbonate_alkalinity_as_caco3,fractional_constituent_removal,nawi,Calculated value for total TDS removal from DEEP 5.1 model from IAEA,Bicarbonate Alkalinity as CaCO3
reverse_osmosis,damodar_sj,baseline,kg/m3,0.9784,bromide,fractional_constituent_removal,nawi,Calculated value for total TDS removal from DEEP 5.1 model from IAEA,Bromide
reverse_osmosis,damodar_sj,baseline,kg/m3,0.9784,calcium,fractional_constituent_removal,nawi,Calculated value for total TDS removal from DEEP 5.1 model from IAEA,"Calcium, Dissolved"
reverse_osmosis,damodar_sj,baseline,kg/m3,0.9784,chloride,fractional_constituent_removal,nawi,Calculated value for total TDS removal from DEEP 5.1 model from IAEA,Chloride
reverse_osmosis,damodar_sj,baseline,kg/m3,0.9784,fluoride,fractional_constituent_removal,nawi,Calculated value for total TDS removal from DEEP 5.1 model from IAEA,Fluoride
reverse_osmosis,damodar_sj,baseline,kg/m3,0.9784,magnesium,fractional_constituent_removal,nawi,Calculated value for total TDS removal from DEEP 5.1 model from IAEA,"Magnesium, Dissolved"
reverse_osmosis,damodar_sj,baseline,kg/m3,0.9784,potassium,fractional_constituent_removal,nawi,Calculated value for total TDS removal from DEEP 5.1 model from IAEA,Potassium
reverse_osmosis,damodar_sj,baseline,kg/m3,0.9784,silicon,fractional_constituent_removal,nawi,Calculated value for total TDS removal from DEEP 5.1 model from IAEA,Silicon
reverse_osmosis,damodar_sj,baseline,kg/m3,0.9784,sodium,fractional_constituent_removal,nawi,Calculated value for total TDS removal from DEEP 5.1 model from IAEA,"Sodium, Dissolved"
reverse_osmosis,damodar_sj,baseline,kg/m3,0.9784,strontium,fractional_constituent_removal,nawi,Calculated value for total TDS removal from DEEP 5.1 model from IAEA,Strontium
reverse_osmosis,damodar_sj,baseline,kg/m3,0.9784,sulfate,fractional_constituent_removal,nawi,Calculated value for total TDS removal from DEEP 5.1 model from IAEA,"Sulfate, Dissolved"
reverse_osmosis,damodar_sj,baseline,kg/m3,0.9784,tds,fractional_constituent_removal,nawi,Calculated value for total TDS removal from DEEP 5.1 model from IAEA,Total Dissolved Solids (TDS)
reverse_osmosis,damodar_sj,baseline,kg/m3,0.9,toc,fractional_constituent_removal,nawi,"From: ""TOC removal in reclamation of municipal wastewater by RO"" (2005) https://doi.org/10.1016/j.seppur.2005.04.004 -KAS",Total Organic Carbon (TOC)
reverse_osmosis,emwd,baseline,kg/m3,0.99,tss,fractional_constituent_removal,nawi,"From: ""TOC removal in reclamation of municipal wastewater by RO"" (2005) https://doi.org/10.1016/j.seppur.2005.04.004 -KAS",Total Suspended Solids (TSS)
reverse_osmosis,emwd,baseline,kg/m3,0.989816,bicarbonate_alkalinity_as_caco3,fractional_constituent_removal,nawi,Calculated value for total TDS removal from DEEP 5.1 model from IAEA,Bicarbonate Alkalinity as CaCO3
reverse_osmosis,emwd,baseline,kg/m3,0.989816,bromide,fractional_constituent_removal,nawi,Calculated value for total TDS removal from DEEP 5.1 model from IAEA,Bromide
reverse_osmosis,emwd,baseline,kg/m3,0.989816,calcium,fractional_constituent_removal,nawi,Calculated value for total TDS removal from DEEP 5.1 model from IAEA,"Calcium, Dissolved"
reverse_osmosis,emwd,baseline,kg/m3,0.989816,chloride,fractional_constituent_removal,nawi,Calculated value for total TDS removal from DEEP 5.1 model from IAEA,Chloride
reverse_osmosis,emwd,baseline,kg/m3,0.989816,fluoride,fractional_constituent_removal,nawi,Calculated value for total TDS removal from DEEP 5.1 model from IAEA,Fluoride
reverse_osmosis,emwd,baseline,kg/m3,0.989816,magnesium,fractional_constituent_removal,nawi,Calculated value for total TDS removal from DEEP 5.1 model from IAEA,"Magnesium, Dissolved"
reverse_osmosis,emwd,baseline,kg/m3,0.989816,potassium,fractional_constituent_removal,nawi,Calculated value for total TDS removal from DEEP 5.1 model from IAEA,Potassium
reverse_osmosis,emwd,baseline,kg/m3,0.989816,silicon,fractional_constituent_removal,nawi,Calculated value for total TDS removal from DEEP 5.1 model from IAEA,Silicon
reverse_osmosis,emwd,baseline,kg/m3,0.989816,sodium,fractional_constituent_removal,nawi,Calculated value for total TDS removal from DEEP 5.1 model from IAEA,"Sodium, Dissolved"
reverse_osmosis,emwd,baseline,kg/m3,0.989816,strontium,fractional_constituent_removal,nawi,Calculated value for total TDS removal from DEEP 5.1 model from IAEA,Strontium
reverse_osmosis,emwd,baseline,kg/m3,0.989816,sulfate,fractional_constituent_removal,nawi,Calculated value for total TDS removal from DEEP 5.1 model from IAEA,"Sulfate, Dissolved"
reverse_osmosis,emwd,baseline,kg/m3,0.989816,tds,fractional_constituent_removal,nawi,Calculated value for total TDS removal from DEEP 5.1 model from IAEA,Total Dissolved Solids (TDS)
reverse_osmosis,emwd,baseline,kg/m3,0.9,toc,fractional_constituent_removal,nawi,"From: ""TOC removal in reclamation of municipal wastewater by RO"" (2005) https://doi.org/10.1016/j.seppur.2005.04.004 -KAS",Total Organic Carbon (TOC)
reverse_osmosis,irwin,baseline,kg/m3,0.99,tss,fractional_constituent_removal,nawi,"From: ""TOC removal in reclamation of municipal wastewater by RO"" (2005) https://doi.org/10.1016/j.seppur.2005.04.004 -KAS",Total Suspended Solids (TSS)
reverse_osmosis,irwin,baseline,kg/m3,0.975226,bicarbonate_alkalinity_as_caco3,fractional_constituent_removal,nawi,Calculated value for total TDS removal from DEEP 5.1 model from IAEA,Bicarbonate Alkalinity as CaCO3
reverse_osmosis,irwin,baseline,kg/m3,0.975226,bromide,fractional_constituent_removal,nawi,Calculated value for total TDS removal from DEEP 5.1 model from IAEA,Bromide
reverse_osmosis,irwin,baseline,kg/m3,0.975226,calcium,fractional_constituent_removal,nawi,Calculated value for total TDS removal from DEEP 5.1 model from IAEA,"Calcium, Dissolved"
reverse_osmosis,irwin,baseline,kg/m3,0.975226,chloride,fractional_constituent_removal,nawi,Calculated value for total TDS removal from DEEP 5.1 model from IAEA,Chloride
reverse_osmosis,irwin,baseline,kg/m3,0.975226,fluoride,fractional_constituent_removal,nawi,Calculated value for total TDS removal from DEEP 5.1 model from IAEA,Fluoride
reverse_osmosis,irwin,baseline,kg/m3,0.975226,magnesium,fractional_constituent_removal,nawi,Calculated value for total TDS removal from DEEP 5.1 model from IAEA,"Magnesium, Dissolved"
reverse_osmosis,irwin,baseline,kg/m3,0.975226,potassium,fractional_constituent_removal,nawi,Calculated value for total TDS removal from DEEP 5.1 model from IAEA,Potassium
reverse_osmosis,irwin,baseline,kg/m3,0.975226,silicon,fractional_constituent_removal,nawi,Calculated value for total TDS removal from DEEP 5.1 model from IAEA,Silicon
reverse_osmosis,irwin,baseline,kg/m3,0.975226,sodium,fractional_constituent_removal,nawi,Calculated value for total TDS removal from DEEP 5.1 model from IAEA,"Sodium, Dissolved"
reverse_osmosis,irwin,baseline,kg/m3,0.975226,strontium,fractional_constituent_removal,nawi,Calculated value for total TDS removal from DEEP 5.1 model from IAEA,Strontium
reverse_osmosis,irwin,baseline,kg/m3,0.975226,sulfate,fractional_constituent_removal,nawi,Calculated value for total TDS removal from DEEP 5.1 model from IAEA,"Sulfate, Dissolved"
reverse_osmosis,irwin,baseline,kg/m3,0.975226,tds,fractional_constituent_removal,nawi,Calculated value for total TDS removal from DEEP 5.1 model from IAEA,Total Dissolved Solids (TDS)
reverse_osmosis,irwin,baseline,kg/m3,0.9,toc,fractional_constituent_removal,nawi,"From: ""TOC removal in reclamation of municipal wastewater by RO"" (2005) https://doi.org/10.1016/j.seppur.2005.04.004 -KAS",Total Organic Carbon (TOC)
reverse_osmosis,kbhdp,baseline,kg/m3,0.99,tss,fractional_constituent_removal,nawi,"From: ""TOC removal in reclamation of municipal wastewater by RO"" (2005) https://doi.org/10.1016/j.seppur.2005.04.004 -KAS",Total Suspended Solids (TSS)
reverse_osmosis,kbhdp,baseline,kg/m3,0.987749,bicarbonate_alkalinity_as_caco3,fractional_constituent_removal,nawi,Calculated value for total TDS removal from DEEP 5.1 model from IAEA,Bicarbonate Alkalinity as CaCO3
reverse_osmosis,kbhdp,baseline,kg/m3,0.987749,bromide,fractional_constituent_removal,nawi,Calculated value for total TDS removal from DEEP 5.1 model from IAEA,Bromide
reverse_osmosis,kbhdp,baseline,kg/m3,0.987749,calcium,fractional_constituent_removal,nawi,Calculated value for total TDS removal from DEEP 5.1 model from IAEA,"Calcium, Dissolved"
reverse_osmosis,kbhdp,baseline,kg/m3,0.987749,chloride,fractional_constituent_removal,nawi,Calculated value for total TDS removal from DEEP 5.1 model from IAEA,Chloride
reverse_osmosis,kbhdp,baseline,kg/m3,0.987749,fluoride,fractional_constituent_removal,nawi,Calculated value for total TDS removal from DEEP 5.1 model from IAEA,Fluoride
reverse_osmosis,kbhdp,baseline,kg/m3,0.987749,magnesium,fractional_constituent_removal,nawi,Calculated value for total TDS removal from DEEP 5.1 model from IAEA,"Magnesium, Dissolved"
reverse_osmosis,kbhdp,baseline,kg/m3,0.987749,potassium,fractional_constituent_removal,nawi,Calculated value for total TDS removal from DEEP 5.1 model from IAEA,Potassium
reverse_osmosis,kbhdp,baseline,kg/m3,0.987749,silicon,fractional_constituent_removal,nawi,Calculated value for total TDS removal from DEEP 5.1 model from IAEA,Silicon
reverse_osmosis,kbhdp,baseline,kg/m3,0.987749,sodium,fractional_constituent_removal,nawi,Calculated value for total TDS removal from DEEP 5.1 model from IAEA,"Sodium, Dissolved"
reverse_osmosis,kbhdp,baseline,kg/m3,0.987749,strontium,fractional_constituent_removal,nawi,Calculated value for total TDS removal from DEEP 5.1 model from IAEA,Strontium
reverse_osmosis,kbhdp,baseline,kg/m3,0.987749,sulfate,fractional_constituent_removal,nawi,Calculated value for total TDS removal from DEEP 5.1 model from IAEA,"Sulfate, Dissolved"
reverse_osmosis,kbhdp,baseline,kg/m3,0.987749,tds,fractional_constituent_removal,nawi,Calculated value for total TDS removal from DEEP 5.1 model from IAEA,Total Dissolved Solids (TDS)
reverse_osmosis,kbhdp,baseline,kg/m3,0.9,toc,fractional_constituent_removal,nawi,"From: ""TOC removal in reclamation of municipal wastewater by RO"" (2005) https://doi.org/10.1016/j.seppur.2005.04.004 -KAS",Total Organic Carbon (TOC)
reverse_osmosis,ocwd,baseline,kg/m3,0.99,tss,fractional_constituent_removal,nawi,"From: ""TOC removal in reclamation of municipal wastewater by RO"" (2005) https://doi.org/10.1016/j.seppur.2005.04.004 -KAS",Total Suspended Solids (TSS)
reverse_osmosis,ocwd,baseline,kg/m3,0.9,toc,fractional_constituent_removal,nawi,"From: ""TOC removal in reclamation of municipal wastewater by RO"" (2005) https://doi.org/10.1016/j.seppur.2005.04.004 -KAS",Total Organic Carbon (TOC)
reverse_osmosis,ocwd,baseline,kg/m3,0.80137,bicarbonate_alkalinity_as_caco3,fractional_constituent_removal,nawi,Calculated value for total TDS removal from DEEP 5.1 model from IAEA,Bicarbonate Alkalinity as CaCO3
reverse_osmosis,ocwd,baseline,kg/m3,0.80137,bromide,fractional_constituent_removal,nawi,Calculated value for total TDS removal from DEEP 5.1 model from IAEA,Bromide
reverse_osmosis,ocwd,baseline,kg/m3,0.80137,calcium,fractional_constituent_removal,nawi,Calculated value for total TDS removal from DEEP 5.1 model from IAEA,"Calcium, Dissolved"
reverse_osmosis,ocwd,baseline,kg/m3,0.80137,chloride,fractional_constituent_removal,nawi,Calculated value for total TDS removal from DEEP 5.1 model from IAEA,Chloride
reverse_osmosis,ocwd,baseline,kg/m3,0.80137,fluoride,fractional_constituent_removal,nawi,Calculated value for total TDS removal from DEEP 5.1 model from IAEA,Fluoride
reverse_osmosis,ocwd,baseline,kg/m3,0.80137,magnesium,fractional_constituent_removal,nawi,Calculated value for total TDS removal from DEEP 5.1 model from IAEA,"Magnesium, Dissolved"
reverse_osmosis,ocwd,baseline,kg/m3,0.80137,potassium,fractional_constituent_removal,nawi,Calculated value for total TDS removal from DEEP 5.1 model from IAEA,Potassium
reverse_osmosis,ocwd,baseline,kg/m3,0.80137,silicon,fractional_constituent_removal,nawi,Calculated value for total TDS removal from DEEP 5.1 model from IAEA,Silicon
reverse_osmosis,ocwd,baseline,kg/m3,0.80137,sodium,fractional_constituent_removal,nawi,Calculated value for total TDS removal from DEEP 5.1 model from IAEA,"Sodium, Dissolved"
reverse_osmosis,ocwd,baseline,kg/m3,0.80137,strontium,fractional_constituent_removal,nawi,Calculated value for total TDS removal from DEEP 5.1 model from IAEA,Strontium
reverse_osmosis,ocwd,baseline,kg/m3,0.80137,sulfate,fractional_constituent_removal,nawi,Calculated value for total TDS removal from DEEP 5.1 model from IAEA,"Sulfate, Dissolved"
reverse_osmosis,ocwd,baseline,kg/m3,0.80137,tds,fractional_constituent_removal,nawi,Calculated value for total TDS removal from DEEP 5.1 model from IAEA,Total Dissolved Solids (TDS)
reverse_osmosis,san_luis,baseline,kg/m3,0.99,tss,fractional_constituent_removal,nawi,"From: ""TOC removal in reclamation of municipal wastewater by RO"" (2005) https://doi.org/10.1016/j.seppur.2005.04.004 -KAS",Total Suspended Solids (TSS)
reverse_osmosis,san_luis,baseline,kg/m3,0.9901,bicarbonate_alkalinity_as_caco3,fractional_constituent_removal,nawi,Calculated value for total TDS removal from DEEP 5.1 model from IAEA,Bicarbonate Alkalinity as CaCO3
reverse_osmosis,san_luis,baseline,kg/m3,0.9901,bromide,fractional_constituent_removal,nawi,Calculated value for total TDS removal from DEEP 5.1 model from IAEA,Bromide
reverse_osmosis,san_luis,baseline,kg/m3,0.9901,calcium,fractional_constituent_removal,nawi,Calculated value for total TDS removal from DEEP 5.1 model from IAEA,"Calcium, Dissolved"
reverse_osmosis,san_luis,baseline,kg/m3,0.9901,chloride,fractional_constituent_removal,nawi,Calculated value for total TDS removal from DEEP 5.1 model from IAEA,Chloride
reverse_osmosis,san_luis,baseline,kg/m3,0.9901,fluoride,fractional_constituent_removal,nawi,Calculated value for total TDS removal from DEEP 5.1 model from IAEA,Fluoride
reverse_osmosis,san_luis,baseline,kg/m3,0.9901,magnesium,fractional_constituent_removal,nawi,Calculated value for total TDS removal from DEEP 5.1 model from IAEA,"Magnesium, Dissolved"
reverse_osmosis,san_luis,baseline,kg/m3,0.9901,potassium,fractional_constituent_removal,nawi,Calculated value for total TDS removal from DEEP 5.1 model from IAEA,Potassium
reverse_osmosis,san_luis,baseline,kg/m3,0.9901,silicon,fractional_constituent_removal,nawi,Calculated value for total TDS removal from DEEP 5.1 model from IAEA,Silicon
reverse_osmosis,san_luis,baseline,kg/m3,0.9901,sodium,fractional_constituent_removal,nawi,Calculated value for total TDS removal from DEEP 5.1 model from IAEA,"Sodium, Dissolved"
reverse_osmosis,san_luis,baseline,kg/m3,0.9901,strontium,fractional_constituent_removal,nawi,Calculated value for total TDS removal from DEEP 5.1 model from IAEA,Strontium
reverse_osmosis,san_luis,baseline,kg/m3,0.9901,sulfate,fractional_constituent_removal,nawi,Calculated value for total TDS removal from DEEP 5.1 model from IAEA,"Sulfate, Dissolved"
reverse_osmosis,san_luis,baseline,kg/m3,0.9901,tds,fractional_constituent_removal,nawi,Calculated value for total TDS removal from DEEP 5.1 model from IAEA,Total Dissolved Solids (TDS)
reverse_osmosis,san_luis,baseline,kg/m3,0.9,toc,fractional_constituent_removal,nawi,"From: ""TOC removal in reclamation of municipal wastewater by RO"" (2005) https://doi.org/10.1016/j.seppur.2005.04.004 -KAS",Total Organic Carbon (TOC)
reverse_osmosis,santa_barbara,baseline,kg/m3,0.99,tss,fractional_constituent_removal,nawi,"From: ""TOC removal in reclamation of municipal wastewater by RO"" (2005) https://doi.org/10.1016/j.seppur.2005.04.004 -KAS",Total Suspended Solids (TSS)
reverse_osmosis,santa_barbara,baseline,kg/m3,0.99262,bicarbonate_alkalinity_as_caco3,fractional_constituent_removal,nawi,Calculated value for total TDS removal from DEEP 5.1 model from IAEA,Bicarbonate Alkalinity as CaCO3
reverse_osmosis,santa_barbara,baseline,kg/m3,0.99262,bromide,fractional_constituent_removal,nawi,Calculated value for total TDS removal from DEEP 5.1 model from IAEA,Bromide
reverse_osmosis,santa_barbara,baseline,kg/m3,0.99262,calcium,fractional_constituent_removal,nawi,Calculated value for total TDS removal from DEEP 5.1 model from IAEA,"Calcium, Dissolved"
reverse_osmosis,santa_barbara,baseline,kg/m3,0.99262,chloride,fractional_constituent_removal,nawi,Calculated value for total TDS removal from DEEP 5.1 model from IAEA,Chloride
reverse_osmosis,santa_barbara,baseline,kg/m3,0.99262,fluoride,fractional_constituent_removal,nawi,Calculated value for total TDS removal from DEEP 5.1 model from IAEA,Fluoride
reverse_osmosis,santa_barbara,baseline,kg/m3,0.99262,magnesium,fractional_constituent_removal,nawi,Calculated value for total TDS removal from DEEP 5.1 model from IAEA,"Magnesium, Dissolved"
reverse_osmosis,santa_barbara,baseline,kg/m3,0.99262,potassium,fractional_constituent_removal,nawi,Calculated value for total TDS removal from DEEP 5.1 model from IAEA,Potassium
reverse_osmosis,santa_barbara,baseline,kg/m3,0.99262,silicon,fractional_constituent_removal,nawi,Calculated value for total TDS removal from DEEP 5.1 model from IAEA,Silicon
reverse_osmosis,santa_barbara,baseline,kg/m3,0.99262,sodium,fractional_constituent_removal,nawi,Calculated value for total TDS removal from DEEP 5.1 model from IAEA,"Sodium, Dissolved"
reverse_osmosis,santa_barbara,baseline,kg/m3,0.99262,strontium,fractional_constituent_removal,nawi,Calculated value for total TDS removal from DEEP 5.1 model from IAEA,Strontium
reverse_osmosis,santa_barbara,baseline,kg/m3,0.99262,sulfate,fractional_constituent_removal,nawi,Calculated value for total TDS removal from DEEP 5.1 model from IAEA,"Sulfate, Dissolved"
reverse_osmosis,santa_barbara,baseline,kg/m3,0.99262,tds,fractional_constituent_removal,nawi,Calculated value for total TDS removal from DEEP 5.1 model from IAEA,Total Dissolved Solids (TDS)
reverse_osmosis,santa_barbara,baseline,kg/m3,0.9,toc,fractional_constituent_removal,nawi,"From: ""TOC removal in reclamation of municipal wastewater by RO"" (2005) https://doi.org/10.1016/j.seppur.2005.04.004 -KAS",Total Organic Carbon (TOC)
reverse_osmosis,tampa_bay,baseline,kg/m3,0.99,tss,fractional_constituent_removal,nawi,"From: ""TOC removal in reclamation of municipal wastewater by RO"" (2005) https://doi.org/10.1016/j.seppur.2005.04.004 -KAS",Total Suspended Solids (TSS)
reverse_osmosis,tampa_bay,baseline,kg/m3,0.991483,bicarbonate_alkalinity_as_caco3,fractional_constituent_removal,nawi,Calculated value for total TDS removal from DEEP 5.1 model from IAEA,Bicarbonate Alkalinity as CaCO3
reverse_osmosis,tampa_bay,baseline,kg/m3,0.991483,bromide,fractional_constituent_removal,nawi,Calculated value for total TDS removal from DEEP 5.1 model from IAEA,Bromide
reverse_osmosis,tampa_bay,baseline,kg/m3,0.991483,calcium,fractional_constituent_removal,nawi,Calculated value for total TDS removal from DEEP 5.1 model from IAEA,"Calcium, Dissolved"
reverse_osmosis,tampa_bay,baseline,kg/m3,0.991483,chloride,fractional_constituent_removal,nawi,Calculated value for total TDS removal from DEEP 5.1 model from IAEA,Chloride
reverse_osmosis,tampa_bay,baseline,kg/m3,0.991483,fluoride,fractional_constituent_removal,nawi,Calculated value for total TDS removal from DEEP 5.1 model from IAEA,Fluoride
reverse_osmosis,tampa_bay,baseline,kg/m3,0.991483,magnesium,fractional_constituent_removal,nawi,Calculated value for total TDS removal from DEEP 5.1 model from IAEA,"Magnesium, Dissolved"
reverse_osmosis,tampa_bay,baseline,kg/m3,0.991483,potassium,fractional_constituent_removal,nawi,Calculated value for total TDS removal from DEEP 5.1 model from IAEA,Potassium
reverse_osmosis,tampa_bay,baseline,kg/m3,0.991483,silicon,fractional_constituent_removal,nawi,Calculated value for total TDS removal from DEEP 5.1 model from IAEA,Silicon
reverse_osmosis,tampa_bay,baseline,kg/m3,0.991483,sodium,fractional_constituent_removal,nawi,Calculated value for total TDS removal from DEEP 5.1 model from IAEA,"Sodium, Dissolved"
reverse_osmosis,tampa_bay,baseline,kg/m3,0.991483,strontium,fractional_constituent_removal,nawi,Calculated value for total TDS removal from DEEP 5.1 model from IAEA,Strontium
reverse_osmosis,tampa_bay,baseline,kg/m3,0.991483,sulfate,fractional_constituent_removal,nawi,Calculated value for total TDS removal from DEEP 5.1 model from IAEA,"Sulfate, Dissolved"
reverse_osmosis,tampa_bay,baseline,kg/m3,0.991483,tds,fractional_constituent_removal,nawi,Calculated value for total TDS removal from DEEP 5.1 model from IAEA,Total Dissolved Solids (TDS)
reverse_osmosis,tampa_bay,baseline,kg/m3,0.9,toc,fractional_constituent_removal,nawi,"From: ""TOC removal in reclamation of municipal wastewater by RO"" (2005) https://doi.org/10.1016/j.seppur.2005.04.004 -KAS",Total Organic Carbon (TOC)
reverse_osmosis,upw,baseline,kg/m3,0.99,tss,fractional_constituent_removal,nawi,"From: ""TOC removal in reclamation of municipal wastewater by RO"" (2005) https://doi.org/10.1016/j.seppur.2005.04.004 -KAS",Total Suspended Solids(TSS)
reverse_osmosis,upw,baseline,kg/m3,0.9752,bicarbonate_alkalinity_as_caco3,fractional_constituent_removal,nawi,Calculated value for total TDS removal from DEEP 5.1 model from IAEA,Bicarbonate Alkalinity as CaCO3
reverse_osmosis,upw,baseline,kg/m3,0.9752,bromide,fractional_constituent_removal,nawi,Calculated value for total TDS removal from DEEP 5.1 model from IAEA,Bromide
reverse_osmosis,upw,baseline,kg/m3,0.9752,calcium,fractional_constituent_removal,nawi,Calculated value for total TDS removal from DEEP 5.1 model from IAEA,"Calcium, Dissolved"
reverse_osmosis,upw,baseline,kg/m3,0.9752,chloride,fractional_constituent_removal,nawi,Calculated value for total TDS removal from DEEP 5.1 model from IAEA,Chloride
reverse_osmosis,upw,baseline,kg/m3,0.9752,fluoride,fractional_constituent_removal,nawi,Calculated value for total TDS removal from DEEP 5.1 model from IAEA,Fluoride
reverse_osmosis,upw,baseline,kg/m3,0.9752,magnesium,fractional_constituent_removal,nawi,Calculated value for total TDS removal from DEEP 5.1 model from IAEA,"Magnesium, Dissolved"
reverse_osmosis,upw,baseline,kg/m3,0.9752,potassium,fractional_constituent_removal,nawi,Calculated value for total TDS removal from DEEP 5.1 model from IAEA,Potassium
reverse_osmosis,upw,baseline,kg/m3,0.9752,silicon,fractional_constituent_removal,nawi,Calculated value for total TDS removal from DEEP 5.1 model from IAEA,Silicon
reverse_osmosis,upw,baseline,kg/m3,0.9752,sodium,fractional_constituent_removal,nawi,Calculated value for total TDS removal from DEEP 5.1 model from IAEA,"Sodium, Dissolved"
reverse_osmosis,upw,baseline,kg/m3,0.9752,strontium,fractional_constituent_removal,nawi,Calculated value for total TDS removal from DEEP 5.1 model from IAEA,Strontium
reverse_osmosis,upw,baseline,kg/m3,0.9752,sulfate,fractional_constituent_removal,nawi,Calculated value for total TDS removal from DEEP 5.1 model from IAEA,"Sulfate, Dissolved"
reverse_osmosis,upw,baseline,kg/m3,0.9752,tds,fractional_constituent_removal,nawi,Calculated value for total TDS removal from DEEP 5.1 model from IAEA,Total Dissolved Solids (TDS)
reverse_osmosis,uranium,baseline,kg/m3,0.99,tss,fractional_constituent_removal,nawi,"From: ""TOC removal in reclamation of municipal wastewater by RO"" (2005) https://doi.org/10.1016/j.seppur.2005.04.004 -KAS",Total Suspended Solids (TSS)
reverse_osmosis,uranium,baseline,kg/m3,0.988924,bicarbonate_alkalinity_as_caco3,fractional_constituent_removal,nawi,Calculated value for total TDS removal from DEEP 5.1 model from IAEA,Bicarbonate Alkalinity as CaCO3
reverse_osmosis,uranium,baseline,kg/m3,0.988924,bromide,fractional_constituent_removal,nawi,Calculated value for total TDS removal from DEEP 5.1 model from IAEA,Bromide
reverse_osmosis,uranium,baseline,kg/m3,0.988924,calcium,fractional_constituent_removal,nawi,Calculated value for total TDS removal from DEEP 5.1 model from IAEA,"Calcium, Dissolved"
reverse_osmosis,uranium,baseline,kg/m3,0.988924,chloride,fractional_constituent_removal,nawi,Calculated value for total TDS removal from DEEP 5.1 model from IAEA,Chloride
reverse_osmosis,uranium,baseline,kg/m3,0.988924,fluoride,fractional_constituent_removal,nawi,Calculated value for total TDS removal from DEEP 5.1 model from IAEA,Fluoride
reverse_osmosis,uranium,baseline,kg/m3,0.988924,magnesium,fractional_constituent_removal,nawi,Calculated value for total TDS removal from DEEP 5.1 model from IAEA,"Magnesium, Dissolved"
reverse_osmosis,uranium,baseline,kg/m3,0.988924,potassium,fractional_constituent_removal,nawi,Calculated value for total TDS removal from DEEP 5.1 model from IAEA,Potassium
reverse_osmosis,uranium,baseline,kg/m3,0.988924,silicon,fractional_constituent_removal,nawi,Calculated value for total TDS removal from DEEP 5.1 model from IAEA,Silicon
reverse_osmosis,uranium,baseline,kg/m3,0.988924,sodium,fractional_constituent_removal,nawi,Calculated value for total TDS removal from DEEP 5.1 model from IAEA,"Sodium, Dissolved"
reverse_osmosis,uranium,baseline,kg/m3,0.988924,strontium,fractional_constituent_removal,nawi,Calculated value for total TDS removal from DEEP 5.1 model from IAEA,Strontium
reverse_osmosis,uranium,baseline,kg/m3,0.988924,sulfate,fractional_constituent_removal,nawi,Calculated value for total TDS removal from DEEP 5.1 model from IAEA,"Sulfate, Dissolved"
reverse_osmosis,uranium,baseline,kg/m3,0.988924,tds,fractional_constituent_removal,nawi,Calculated value for total TDS removal from DEEP 5.1 model from IAEA,Total Dissolved Solids (TDS)
reverse_osmosis,uranium,baseline,kg/m3,0.9,toc,fractional_constituent_removal,nawi,"From: ""TOC removal in reclamation of municipal wastewater by RO"" (2005) https://doi.org/10.1016/j.seppur.2005.04.004 -KAS",Total Organic Carbon (TOC)
screen,default,baseline,kg/m3,0.3,bod,fractional_constituent_removal,nawi,"Based on ""Microscreen Filtration"" and modified for Beef Processing case study.",Biological Oxygen Demand (BOD)
screen,default,baseline,kg/m3,0.6,tss,fractional_constituent_removal,nawi,"Based on ""Microscreen Filtration"" and modified for Beef Processing case study.",Total Suspended Solids (TSS)
sedimentation,default,baseline,kg/m3,0.990826,tss,fractional_constituent_removal,nawi,"(1) Cost Estimating Manual for Water Treatment Facilities (McGivney/Kawamura), (2) Water and Wastewater Engineering: Design Principles and Practice (Mackenzie L. Davis)",Total Suspended Solids (TSS)
settling_pond,default,baseline,kg/m3,0.990826,tss,fractional_constituent_removal,nawi,"Based on ""Sedimentation"" cost model. See references in VAR. There will be minimal water losses.",Total Suspended Solids (TSS)
tri_media_filtration,default,baseline,kg/m3,0.2,eeq,fractional_constituent_removal,nawi,Texas Water Development Board IT3PR User Manual,Estradiol Equivalency (EEQ)
tri_media_filtration,default,baseline,kg/m3,0.2,nonvolatile_toc,fractional_constituent_removal,nawi,Texas Water Development Board IT3PR User Manual,Nonvolatile TOC
tri_media_filtration,default,baseline,kg/m3,0.2,toc,fractional_constituent_removal,nawi,Texas Water Development Board IT3PR User Manual,Total Organic Carbon (TOC)
tri_media_filtration,default,baseline,kg/m3,0.8,nitrate,fractional_constituent_removal,nawi,Texas Water Development Board IT3PR User Manual,"Nitrate-N, Dissolved"
tri_media_filtration,default,baseline,kg/m3,0.95,tss,fractional_constituent_removal,nawi,Texas Water Development Board IT3PR User Manual,Total Suspended Solids (TSS)
tri_media_filtration,default,baseline,fraction,70,ultraviolet_transmittance_uvt,absolute_value,nawi,Texas Water Development Board IT3PR User Manual,Ultraviolet Transmittance (UVT)
ultra_filtration,default,baseline,kg/m3,0.3,eeq,fractional_constituent_removal,nawi,Texas Water Development Board IT3PR User Manual,Estradiol Equivalency (EEQ)
ultra_filtration,default,baseline,kg/m3,0.3,toc,fractional_constituent_removal,nawi,Texas Water Development Board IT3PR User Manual,Total Organic Carbon (TOC)
ultra_filtration,default,baseline,kg/m3,0.97,tss,fractional_constituent_removal,nawi,Texas Water Development Board IT3PR User Manual,Total Suspended Solids (TSS)
ultra_filtration,default,baseline,kg/m3,0.9999,cryptosporidium,fractional_constituent_removal,nawi,Texas Water Development Board IT3PR User Manual,Cryptosporidium
ultra_filtration,default,baseline,%,75,ultraviolet_transmittance_uvt,absolute_value,nawi,Texas Water Development Board IT3PR User Manual,Ultraviolet Transmittance (UVT)
uv_aop,default,baseline,kg/m3,0.130955,eeq,fractional_constituent_removal,nawi,Texas Water Development Board IT3PR User Manual,Estradiol Equivalency (EEQ)
uv_aop,default,baseline,kg/m3,0.174607,toc,fractional_constituent_removal,nawi,Texas Water Development Board IT3PR User Manual,Total Organic Carbon (TOC)
uv_aop,default,baseline,kg/m3,0.965403,viruses_enteric,fractional_constituent_removal,nawi,Texas Water Development Board IT3PR User Manual,Viruses (enteric)
uv_aop,default,baseline,kg/m3,0.999989,cryptosporidium,fractional_constituent_removal,nawi,Texas Water Development Board IT3PR User Manual,Cryptosporidium
uv_aop,default,baseline,kg/m3,0.999989,giardia_lamblia,fractional_constituent_removal,nawi,Texas Water Development Board IT3PR User Manual,Giardia lamblia
uv_aop,default,baseline,kg/m3,0.999994,total_coliforms_fecal_ecoli,fractional_constituent_removal,nawi,Texas Water Development Board IT3PR User Manual,Total Coliforms (including fecal coliform and� E. Coli)
uv_irradiation,default,baseline,kg/m3,0.054565,eeq,fractional_constituent_removal,nawi,Texas Water Development Board IT3PR User Manual,Estradiol Equivalency (EEQ)
uv_irradiation,default,baseline,kg/m3,0.054565,toc,fractional_constituent_removal,nawi,Texas Water Development Board IT3PR User Manual,Total Organic Carbon (TOC)
uv_irradiation,default,baseline,kg/m3,0.965403,viruses_enteric,fractional_constituent_removal,nawi,Texas Water Development Board IT3PR User Manual,Viruses (enteric)
uv_irradiation,default,baseline,kg/m3,0.999989,cryptosporidium,fractional_constituent_removal,nawi,Texas Water Development Board IT3PR User Manual,Cryptosporidium
uv_irradiation,default,baseline,kg/m3,0.999989,giardia_lamblia,fractional_constituent_removal,nawi,Texas Water Development Board IT3PR User Manual,Giardia lamblia
uv_irradiation,default,baseline,kg/m3,0.999994,total_coliforms_fecal_ecoli,fractional_constituent_removal,nawi,Texas Water Development Board IT3PR User Manual,Total Coliforms (including fecal coliform and� E. Coli)
walnut_shell_filter,default,baseline,kg/m3,0.2,nonvolatile_toc,fractional_constituent_removal,nawi,Kern County case study.,Nonvolatile TOC
walnut_shell_filter,default,baseline,kg/m3,0.97,tss,fractional_constituent_removal,nawi,Kern County case study.,Total Suspended Solids (TSS)
walnut_shell_filter,default,baseline,%,70,ultraviolet_transmittance_uvt,absolute_value,nawi,Kern County case study.,Ultraviolet Transmittance (UVT)
default,default,baseline,kg/m3,0.1,copper,fractional_constituent_removal,nawi,,
default,default,baseline,kg/m3,0.1,ammonium,fractional_constituent_removal,nawi,,