,Unit Process Name,Variable,Value,Metric,Unit,Case Study,Scenario
0,sw_onshore_intake,Fixed Capital Investment (FCI),20.98,Cost,$MM,Carlsbad,Baseline
1,sw_onshore_intake,Land,0.031,Cost,$MM,Carlsbad,Baseline
2,sw_onshore_intake,Working Capital,1.049,Cost,$MM,Carlsbad,Baseline
3,sw_onshore_intake,Total Capital Investment (TCI),22.061,Cost,$MM,Carlsbad,Baseline
4,sw_onshore_intake,Catalysts and Chemicals,0.0,Cost,$MM/yr,Carlsbad,Baseline
5,sw_onshore_intake,Electricity,1.985,Cost,$MM/yr,Carlsbad,Baseline
6,sw_onshore_intake,Other Operating,0.0,Cost,$MM/yr,Carlsbad,Baseline
7,sw_onshore_intake,Employee Salaries,0.021,Cost,$MM/yr,Carlsbad,Baseline
8,sw_onshore_intake,Benefits,0.019,Cost,$MM/yr,Carlsbad,Baseline
9,sw_onshore_intake,Maintenance,0.168,Cost,$MM/yr,Carlsbad,Baseline
10,sw_onshore_intake,Laboratory,0.063,Cost,$MM/yr,Carlsbad,Baseline
11,sw_onshore_intake,Insurance and Taxes,0.042,Cost,$MM/yr,Carlsbad,Baseline
12,sw_onshore_intake,Total Fixed Operating ,0.313,Cost,$MM/yr,Carlsbad,Baseline
13,sw_onshore_intake,Base Employee Salary,0.02,Cost,$MM/yr,Carlsbad,Baseline
14,sw_onshore_intake,Electricity consumption,0.102,Electricity,kWh/m3,Carlsbad,Baseline
15,sw_onshore_intake,Total Unit Cost,24.358,Cost,$MM,Carlsbad,Baseline
16,sw_onshore_intake,Inlet Water,4.583,Water Flow,m3/s,Carlsbad,Baseline
17,sw_onshore_intake,Outlet Water,4.583,Water Flow,m3/s,Carlsbad,Baseline
18,sw_onshore_intake,Waste Water,0.0,Water Flow,m3/s,Carlsbad,Baseline
19,sw_onshore_intake,Inlet Constituent,35.0,Constituent Flow,kg/m3,Carlsbad,Baseline
20,sw_onshore_intake,Outlet Constituent,35.0,Constituent Flow,kg/m3,Carlsbad,Baseline
21,sw_onshore_intake,Waste Constituent,-0.0,Constituent Flow,kg/m3,Carlsbad,Baseline
22,sw_onshore_intake,Inlet Constituent Total Mass,160.415,Constituent Flow,kg,Carlsbad,Baseline
23,sw_onshore_intake,Outlet Constituent Total Mass,160.415,Constituent Flow,kg,Carlsbad,Baseline
24,sw_onshore_intake,Waste Constituent Total Mass,-0.0,Constituent Flow,kg,Carlsbad,Baseline
25,sw_onshore_intake,Inlet Constituent,0.0,Constituent Flow,kg/m3,Carlsbad,Baseline
26,sw_onshore_intake,Outlet Constituent,0.0,Constituent Flow,kg/m3,Carlsbad,Baseline
27,sw_onshore_intake,Waste Constituent,-0.0,Constituent Flow,kg/m3,Carlsbad,Baseline
28,sw_onshore_intake,Inlet Constituent Total Mass,0.0,Constituent Flow,kg,Carlsbad,Baseline
29,sw_onshore_intake,Outlet Constituent Total Mass,0.0,Constituent Flow,kg,Carlsbad,Baseline
30,sw_onshore_intake,Waste Constituent Total Mass,-0.0,Constituent Flow,kg,Carlsbad,Baseline
31,sw_onshore_intake,Inlet Constituent,0.0,Constituent Flow,kg/m3,Carlsbad,Baseline
32,sw_onshore_intake,Outlet Constituent,0.0,Constituent Flow,kg/m3,Carlsbad,Baseline
33,sw_onshore_intake,Waste Constituent,-0.0,Constituent Flow,kg/m3,Carlsbad,Baseline
34,sw_onshore_intake,Inlet Constituent Total Mass,0.0,Constituent Flow,kg,Carlsbad,Baseline
35,sw_onshore_intake,Outlet Constituent Total Mass,0.0,Constituent Flow,kg,Carlsbad,Baseline
36,sw_onshore_intake,Waste Constituent Total Mass,-0.0,Constituent Flow,kg,Carlsbad,Baseline
37,sw_onshore_intake,Inlet Constituent,0.0,Constituent Flow,kg/m3,Carlsbad,Baseline
38,sw_onshore_intake,Outlet Constituent,0.0,Constituent Flow,kg/m3,Carlsbad,Baseline
39,sw_onshore_intake,Waste Constituent,-0.0,Constituent Flow,kg/m3,Carlsbad,Baseline
40,sw_onshore_intake,Inlet Constituent Total Mass,0.0,Constituent Flow,kg,Carlsbad,Baseline
41,sw_onshore_intake,Outlet Constituent Total Mass,0.0,Constituent Flow,kg,Carlsbad,Baseline
42,sw_onshore_intake,Waste Constituent Total Mass,-0.0,Constituent Flow,kg,Carlsbad,Baseline
43,sw_onshore_intake,Inlet Constituent,0.0,Constituent Flow,kg/m3,Carlsbad,Baseline
44,sw_onshore_intake,Outlet Constituent,0.0,Constituent Flow,kg/m3,Carlsbad,Baseline
45,sw_onshore_intake,Waste Constituent,-0.0,Constituent Flow,kg/m3,Carlsbad,Baseline
46,sw_onshore_intake,Inlet Constituent Total Mass,0.0,Constituent Flow,kg,Carlsbad,Baseline
47,sw_onshore_intake,Outlet Constituent Total Mass,0.0,Constituent Flow,kg,Carlsbad,Baseline
48,sw_onshore_intake,Waste Constituent Total Mass,-0.0,Constituent Flow,kg,Carlsbad,Baseline
49,sw_onshore_intake,Inlet Constituent,0.0,Constituent Flow,kg/m3,Carlsbad,Baseline
50,sw_onshore_intake,Outlet Constituent,0.0,Constituent Flow,kg/m3,Carlsbad,Baseline
51,sw_onshore_intake,Waste Constituent,-0.0,Constituent Flow,kg/m3,Carlsbad,Baseline
52,sw_onshore_intake,Inlet Constituent Total Mass,0.0,Constituent Flow,kg,Carlsbad,Baseline
53,sw_onshore_intake,Outlet Constituent Total Mass,0.0,Constituent Flow,kg,Carlsbad,Baseline
54,sw_onshore_intake,Waste Constituent Total Mass,-0.0,Constituent Flow,kg,Carlsbad,Baseline
55,sw_onshore_intake,Inlet Constituent,0.0,Constituent Flow,kg/m3,Carlsbad,Baseline
56,sw_onshore_intake,Outlet Constituent,0.0,Constituent Flow,kg/m3,Carlsbad,Baseline
57,sw_onshore_intake,Waste Constituent,-0.0,Constituent Flow,kg/m3,Carlsbad,Baseline
58,sw_onshore_intake,Inlet Constituent Total Mass,0.0,Constituent Flow,kg,Carlsbad,Baseline
59,sw_onshore_intake,Outlet Constituent Total Mass,0.0,Constituent Flow,kg,Carlsbad,Baseline
60,sw_onshore_intake,Waste Constituent Total Mass,-0.0,Constituent Flow,kg,Carlsbad,Baseline
61,coag_and_floc,Fixed Capital Investment (FCI),11.766,Cost,$MM,Carlsbad,Baseline
62,coag_and_floc,Land,0.018,Cost,$MM,Carlsbad,Baseline
63,coag_and_floc,Working Capital,0.588,Cost,$MM,Carlsbad,Baseline
64,coag_and_floc,Total Capital Investment (TCI),12.372,Cost,$MM,Carlsbad,Baseline
65,coag_and_floc,Catalysts and Chemicals,1.009,Cost,$MM/yr,Carlsbad,Baseline
66,coag_and_floc,Electricity,0.098,Cost,$MM/yr,Carlsbad,Baseline
67,coag_and_floc,Other Operating,0.0,Cost,$MM/yr,Carlsbad,Baseline
68,coag_and_floc,Employee Salaries,0.012,Cost,$MM/yr,Carlsbad,Baseline
69,coag_and_floc,Benefits,0.011,Cost,$MM/yr,Carlsbad,Baseline
70,coag_and_floc,Maintenance,0.094,Cost,$MM/yr,Carlsbad,Baseline
71,coag_and_floc,Laboratory,0.035,Cost,$MM/yr,Carlsbad,Baseline
72,coag_and_floc,Insurance and Taxes,0.024,Cost,$MM/yr,Carlsbad,Baseline
73,coag_and_floc,Total Fixed Operating ,0.175,Cost,$MM/yr,Carlsbad,Baseline
74,coag_and_floc,Base Employee Salary,0.012,Cost,$MM/yr,Carlsbad,Baseline
75,coag_and_floc,Electricity consumption,0.005,Electricity,kWh/m3,Carlsbad,Baseline
76,coag_and_floc,Total Unit Cost,13.654,Cost,$MM,Carlsbad,Baseline
77,coag_and_floc,Inlet Water,4.583,Water Flow,m3/s,Carlsbad,Baseline
78,coag_and_floc,Outlet Water,4.583,Water Flow,m3/s,Carlsbad,Baseline
79,coag_and_floc,Waste Water,0.0,Water Flow,m3/s,Carlsbad,Baseline
80,coag_and_floc,Inlet Constituent,35.0,Constituent Flow,kg/m3,Carlsbad,Baseline
81,coag_and_floc,Outlet Constituent,35.001,Constituent Flow,kg/m3,Carlsbad,Baseline
82,coag_and_floc,Waste Constituent,-0.0,Constituent Flow,kg/m3,Carlsbad,Baseline
83,coag_and_floc,Inlet Constituent Total Mass,160.415,Constituent Flow,kg,Carlsbad,Baseline
84,coag_and_floc,Outlet Constituent Total Mass,160.415,Constituent Flow,kg,Carlsbad,Baseline
85,coag_and_floc,Waste Constituent Total Mass,-0.0,Constituent Flow,kg,Carlsbad,Baseline
86,coag_and_floc,Inlet Constituent,0.0,Constituent Flow,kg/m3,Carlsbad,Baseline
87,coag_and_floc,Outlet Constituent,0.0,Constituent Flow,kg/m3,Carlsbad,Baseline
88,coag_and_floc,Waste Constituent,-0.0,Constituent Flow,kg/m3,Carlsbad,Baseline
89,coag_and_floc,Inlet Constituent Total Mass,0.0,Constituent Flow,kg,Carlsbad,Baseline
90,coag_and_floc,Outlet Constituent Total Mass,0.0,Constituent Flow,kg,Carlsbad,Baseline
91,coag_and_floc,Waste Constituent Total Mass,-0.0,Constituent Flow,kg,Carlsbad,Baseline
92,coag_and_floc,Inlet Constituent,0.0,Constituent Flow,kg/m3,Carlsbad,Baseline
93,coag_and_floc,Outlet Constituent,0.0,Constituent Flow,kg/m3,Carlsbad,Baseline
94,coag_and_floc,Waste Constituent,-0.0,Constituent Flow,kg/m3,Carlsbad,Baseline
95,coag_and_floc,Inlet Constituent Total Mass,0.0,Constituent Flow,kg,Carlsbad,Baseline
96,coag_and_floc,Outlet Constituent Total Mass,0.0,Constituent Flow,kg,Carlsbad,Baseline
97,coag_and_floc,Waste Constituent Total Mass,-0.0,Constituent Flow,kg,Carlsbad,Baseline
98,coag_and_floc,Inlet Constituent,0.0,Constituent Flow,kg/m3,Carlsbad,Baseline
99,coag_and_floc,Outlet Constituent,0.0,Constituent Flow,kg/m3,Carlsbad,Baseline
100,coag_and_floc,Waste Constituent,-0.0,Constituent Flow,kg/m3,Carlsbad,Baseline
101,coag_and_floc,Inlet Constituent Total Mass,0.0,Constituent Flow,kg,Carlsbad,Baseline
102,coag_and_floc,Outlet Constituent Total Mass,0.0,Constituent Flow,kg,Carlsbad,Baseline
103,coag_and_floc,Waste Constituent Total Mass,-0.0,Constituent Flow,kg,Carlsbad,Baseline
104,coag_and_floc,Inlet Constituent,0.0,Constituent Flow,kg/m3,Carlsbad,Baseline
105,coag_and_floc,Outlet Constituent,0.0,Constituent Flow,kg/m3,Carlsbad,Baseline
106,coag_and_floc,Waste Constituent,-0.0,Constituent Flow,kg/m3,Carlsbad,Baseline
107,coag_and_floc,Inlet Constituent Total Mass,0.0,Constituent Flow,kg,Carlsbad,Baseline
108,coag_and_floc,Outlet Constituent Total Mass,0.0,Constituent Flow,kg,Carlsbad,Baseline
109,coag_and_floc,Waste Constituent Total Mass,-0.0,Constituent Flow,kg,Carlsbad,Baseline
110,coag_and_floc,Inlet Constituent,0.0,Constituent Flow,kg/m3,Carlsbad,Baseline
111,coag_and_floc,Outlet Constituent,0.0,Constituent Flow,kg/m3,Carlsbad,Baseline
112,coag_and_floc,Waste Constituent,-0.0,Constituent Flow,kg/m3,Carlsbad,Baseline
113,coag_and_floc,Inlet Constituent Total Mass,0.0,Constituent Flow,kg,Carlsbad,Baseline
114,coag_and_floc,Outlet Constituent Total Mass,0.0,Constituent Flow,kg,Carlsbad,Baseline
115,coag_and_floc,Waste Constituent Total Mass,-0.0,Constituent Flow,kg,Carlsbad,Baseline
116,coag_and_floc,Inlet Constituent,0.0,Constituent Flow,kg/m3,Carlsbad,Baseline
117,coag_and_floc,Outlet Constituent,0.0,Constituent Flow,kg/m3,Carlsbad,Baseline
118,coag_and_floc,Waste Constituent,-0.0,Constituent Flow,kg/m3,Carlsbad,Baseline
119,coag_and_floc,Inlet Constituent Total Mass,0.0,Constituent Flow,kg,Carlsbad,Baseline
120,coag_and_floc,Outlet Constituent Total Mass,0.0,Constituent Flow,kg,Carlsbad,Baseline
121,coag_and_floc,Waste Constituent Total Mass,-0.0,Constituent Flow,kg,Carlsbad,Baseline
122,tri_media_filtration,Fixed Capital Investment (FCI),12.751,Cost,$MM,Carlsbad,Baseline
123,tri_media_filtration,Land,0.019,Cost,$MM,Carlsbad,Baseline
124,tri_media_filtration,Working Capital,0.638,Cost,$MM,Carlsbad,Baseline
125,tri_media_filtration,Total Capital Investment (TCI),13.408,Cost,$MM,Carlsbad,Baseline
126,tri_media_filtration,Catalysts and Chemicals,0.0,Cost,$MM/yr,Carlsbad,Baseline
127,tri_media_filtration,Electricity,4.243,Cost,$MM/yr,Carlsbad,Baseline
128,tri_media_filtration,Other Operating,0.0,Cost,$MM/yr,Carlsbad,Baseline
129,tri_media_filtration,Employee Salaries,0.013,Cost,$MM/yr,Carlsbad,Baseline
130,tri_media_filtration,Benefits,0.012,Cost,$MM/yr,Carlsbad,Baseline
131,tri_media_filtration,Maintenance,0.102,Cost,$MM/yr,Carlsbad,Baseline
132,tri_media_filtration,Laboratory,0.038,Cost,$MM/yr,Carlsbad,Baseline
133,tri_media_filtration,Insurance and Taxes,0.026,Cost,$MM/yr,Carlsbad,Baseline
134,tri_media_filtration,Total Fixed Operating ,0.191,Cost,$MM/yr,Carlsbad,Baseline
135,tri_media_filtration,Base Employee Salary,0.012,Cost,$MM/yr,Carlsbad,Baseline
136,tri_media_filtration,Electricity consumption,0.198,Electricity,kWh/m3,Carlsbad,Baseline
137,tri_media_filtration,Total Unit Cost,17.842,Cost,$MM,Carlsbad,Baseline
138,tri_media_filtration,Inlet Water,5.064,Water Flow,m3/s,Carlsbad,Baseline
139,tri_media_filtration,Outlet Water,4.558,Water Flow,m3/s,Carlsbad,Baseline
140,tri_media_filtration,Waste Water,0.506,Water Flow,m3/s,Carlsbad,Baseline
141,tri_media_filtration,Inlet Constituent,31.676,Constituent Flow,kg/m3,Carlsbad,Baseline
142,tri_media_filtration,Outlet Constituent,35.195,Constituent Flow,kg/m3,Carlsbad,Baseline
143,tri_media_filtration,Waste Constituent,-0.0,Constituent Flow,kg/m3,Carlsbad,Baseline
144,tri_media_filtration,Inlet Constituent Total Mass,160.415,Constituent Flow,kg,Carlsbad,Baseline
145,tri_media_filtration,Outlet Constituent Total Mass,160.415,Constituent Flow,kg,Carlsbad,Baseline
146,tri_media_filtration,Waste Constituent Total Mass,-0.0,Constituent Flow,kg,Carlsbad,Baseline
147,tri_media_filtration,Inlet Constituent,0.0,Constituent Flow,kg/m3,Carlsbad,Baseline
148,tri_media_filtration,Outlet Constituent,0.0,Constituent Flow,kg/m3,Carlsbad,Baseline
149,tri_media_filtration,Waste Constituent,-0.0,Constituent Flow,kg/m3,Carlsbad,Baseline
150,tri_media_filtration,Inlet Constituent Total Mass,0.0,Constituent Flow,kg,Carlsbad,Baseline
151,tri_media_filtration,Outlet Constituent Total Mass,0.0,Constituent Flow,kg,Carlsbad,Baseline
152,tri_media_filtration,Waste Constituent Total Mass,-0.0,Constituent Flow,kg,Carlsbad,Baseline
153,tri_media_filtration,Inlet Constituent,0.0,Constituent Flow,kg/m3,Carlsbad,Baseline
154,tri_media_filtration,Outlet Constituent,0.0,Constituent Flow,kg/m3,Carlsbad,Baseline
155,tri_media_filtration,Waste Constituent,-0.0,Constituent Flow,kg/m3,Carlsbad,Baseline
156,tri_media_filtration,Inlet Constituent Total Mass,0.0,Constituent Flow,kg,Carlsbad,Baseline
157,tri_media_filtration,Outlet Constituent Total Mass,0.0,Constituent Flow,kg,Carlsbad,Baseline
158,tri_media_filtration,Waste Constituent Total Mass,-0.0,Constituent Flow,kg,Carlsbad,Baseline
159,tri_media_filtration,Inlet Constituent,0.0,Constituent Flow,kg/m3,Carlsbad,Baseline
160,tri_media_filtration,Outlet Constituent,0.0,Constituent Flow,kg/m3,Carlsbad,Baseline
161,tri_media_filtration,Waste Constituent,-0.0,Constituent Flow,kg/m3,Carlsbad,Baseline
162,tri_media_filtration,Inlet Constituent Total Mass,0.0,Constituent Flow,kg,Carlsbad,Baseline
163,tri_media_filtration,Outlet Constituent Total Mass,0.0,Constituent Flow,kg,Carlsbad,Baseline
164,tri_media_filtration,Waste Constituent Total Mass,-0.0,Constituent Flow,kg,Carlsbad,Baseline
165,tri_media_filtration,Inlet Constituent,0.0,Constituent Flow,kg/m3,Carlsbad,Baseline
166,tri_media_filtration,Outlet Constituent,0.0,Constituent Flow,kg/m3,Carlsbad,Baseline
167,tri_media_filtration,Waste Constituent,-0.0,Constituent Flow,kg/m3,Carlsbad,Baseline
168,tri_media_filtration,Inlet Constituent Total Mass,0.0,Constituent Flow,kg,Carlsbad,Baseline
169,tri_media_filtration,Outlet Constituent Total Mass,0.0,Constituent Flow,kg,Carlsbad,Baseline
170,tri_media_filtration,Waste Constituent Total Mass,-0.0,Constituent Flow,kg,Carlsbad,Baseline
171,tri_media_filtration,Inlet Constituent,0.0,Constituent Flow,kg/m3,Carlsbad,Baseline
172,tri_media_filtration,Outlet Constituent,0.0,Constituent Flow,kg/m3,Carlsbad,Baseline
173,tri_media_filtration,Waste Constituent,-0.0,Constituent Flow,kg/m3,Carlsbad,Baseline
174,tri_media_filtration,Inlet Constituent Total Mass,0.0,Constituent Flow,kg,Carlsbad,Baseline
175,tri_media_filtration,Outlet Constituent Total Mass,0.0,Constituent Flow,kg,Carlsbad,Baseline
176,tri_media_filtration,Waste Constituent Total Mass,-0.0,Constituent Flow,kg,Carlsbad,Baseline
177,tri_media_filtration,Inlet Constituent,0.0,Constituent Flow,kg/m3,Carlsbad,Baseline
178,tri_media_filtration,Outlet Constituent,0.0,Constituent Flow,kg/m3,Carlsbad,Baseline
179,tri_media_filtration,Waste Constituent,-0.0,Constituent Flow,kg/m3,Carlsbad,Baseline
180,tri_media_filtration,Inlet Constituent Total Mass,0.0,Constituent Flow,kg,Carlsbad,Baseline
181,tri_media_filtration,Outlet Constituent Total Mass,0.0,Constituent Flow,kg,Carlsbad,Baseline
182,tri_media_filtration,Waste Constituent Total Mass,-0.0,Constituent Flow,kg,Carlsbad,Baseline
183,sulfuric_acid_addition,Fixed Capital Investment (FCI),0.418,Cost,$MM,Carlsbad,Baseline
184,sulfuric_acid_addition,Land,0.001,Cost,$MM,Carlsbad,Baseline
185,sulfuric_acid_addition,Working Capital,0.021,Cost,$MM,Carlsbad,Baseline
186,sulfuric_acid_addition,Total Capital Investment (TCI),0.44,Cost,$MM,Carlsbad,Baseline
187,sulfuric_acid_addition,Catalysts and Chemicals,0.25,Cost,$MM/yr,Carlsbad,Baseline
188,sulfuric_acid_addition,Electricity,0.0,Cost,$MM/yr,Carlsbad,Baseline
189,sulfuric_acid_addition,Other Operating,0.0,Cost,$MM/yr,Carlsbad,Baseline
190,sulfuric_acid_addition,Employee Salaries,0.0,Cost,$MM/yr,Carlsbad,Baseline
191,sulfuric_acid_addition,Benefits,0.0,Cost,$MM/yr,Carlsbad,Baseline
192,sulfuric_acid_addition,Maintenance,0.003,Cost,$MM/yr,Carlsbad,Baseline
193,sulfuric_acid_addition,Laboratory,0.001,Cost,$MM/yr,Carlsbad,Baseline
194,sulfuric_acid_addition,Insurance and Taxes,0.001,Cost,$MM/yr,Carlsbad,Baseline
195,sulfuric_acid_addition,Total Fixed Operating ,0.006,Cost,$MM/yr,Carlsbad,Baseline
196,sulfuric_acid_addition,Base Employee Salary,0.0,Cost,$MM/yr,Carlsbad,Baseline
197,sulfuric_acid_addition,Electricity consumption,0.0,Electricity,kWh/m3,Carlsbad,Baseline
198,sulfuric_acid_addition,Total Unit Cost,0.696,Cost,$MM,Carlsbad,Baseline
199,sulfuric_acid_addition,Inlet Water,4.558,Water Flow,m3/s,Carlsbad,Baseline
200,sulfuric_acid_addition,Outlet Water,4.558,Water Flow,m3/s,Carlsbad,Baseline
201,sulfuric_acid_addition,Waste Water,0.0,Water Flow,m3/s,Carlsbad,Baseline
202,sulfuric_acid_addition,Inlet Constituent,35.195,Constituent Flow,kg/m3,Carlsbad,Baseline
203,sulfuric_acid_addition,Outlet Constituent,35.196,Constituent Flow,kg/m3,Carlsbad,Baseline
204,sulfuric_acid_addition,Waste Constituent,-0.0,Constituent Flow,kg/m3,Carlsbad,Baseline
205,sulfuric_acid_addition,Inlet Constituent Total Mass,160.415,Constituent Flow,kg,Carlsbad,Baseline
206,sulfuric_acid_addition,Outlet Constituent Total Mass,160.415,Constituent Flow,kg,Carlsbad,Baseline
207,sulfuric_acid_addition,Waste Constituent Total Mass,-0.0,Constituent Flow,kg,Carlsbad,Baseline
208,sulfuric_acid_addition,Inlet Constituent,0.0,Constituent Flow,kg/m3,Carlsbad,Baseline
209,sulfuric_acid_addition,Outlet Constituent,0.0,Constituent Flow,kg/m3,Carlsbad,Baseline
210,sulfuric_acid_addition,Waste Constituent,-0.0,Constituent Flow,kg/m3,Carlsbad,Baseline
211,sulfuric_acid_addition,Inlet Constituent Total Mass,0.0,Constituent Flow,kg,Carlsbad,Baseline
212,sulfuric_acid_addition,Outlet Constituent Total Mass,0.0,Constituent Flow,kg,Carlsbad,Baseline
213,sulfuric_acid_addition,Waste Constituent Total Mass,-0.0,Constituent Flow,kg,Carlsbad,Baseline
214,sulfuric_acid_addition,Inlet Constituent,0.0,Constituent Flow,kg/m3,Carlsbad,Baseline
215,sulfuric_acid_addition,Outlet Constituent,0.0,Constituent Flow,kg/m3,Carlsbad,Baseline
216,sulfuric_acid_addition,Waste Constituent,-0.0,Constituent Flow,kg/m3,Carlsbad,Baseline
217,sulfuric_acid_addition,Inlet Constituent Total Mass,0.0,Constituent Flow,kg,Carlsbad,Baseline
218,sulfuric_acid_addition,Outlet Constituent Total Mass,0.0,Constituent Flow,kg,Carlsbad,Baseline
219,sulfuric_acid_addition,Waste Constituent Total Mass,-0.0,Constituent Flow,kg,Carlsbad,Baseline
220,sulfuric_acid_addition,Inlet Constituent,0.0,Constituent Flow,kg/m3,Carlsbad,Baseline
221,sulfuric_acid_addition,Outlet Constituent,0.0,Constituent Flow,kg/m3,Carlsbad,Baseline
222,sulfuric_acid_addition,Waste Constituent,-0.0,Constituent Flow,kg/m3,Carlsbad,Baseline
223,sulfuric_acid_addition,Inlet Constituent Total Mass,0.0,Constituent Flow,kg,Carlsbad,Baseline
224,sulfuric_acid_addition,Outlet Constituent Total Mass,0.0,Constituent Flow,kg,Carlsbad,Baseline
225,sulfuric_acid_addition,Waste Constituent Total Mass,-0.0,Constituent Flow,kg,Carlsbad,Baseline
226,sulfuric_acid_addition,Inlet Constituent,0.0,Constituent Flow,kg/m3,Carlsbad,Baseline
227,sulfuric_acid_addition,Outlet Constituent,0.0,Constituent Flow,kg/m3,Carlsbad,Baseline
228,sulfuric_acid_addition,Waste Constituent,-0.0,Constituent Flow,kg/m3,Carlsbad,Baseline
229,sulfuric_acid_addition,Inlet Constituent Total Mass,0.0,Constituent Flow,kg,Carlsbad,Baseline
230,sulfuric_acid_addition,Outlet Constituent Total Mass,0.0,Constituent Flow,kg,Carlsbad,Baseline
231,sulfuric_acid_addition,Waste Constituent Total Mass,-0.0,Constituent Flow,kg,Carlsbad,Baseline
232,sulfuric_acid_addition,Inlet Constituent,0.0,Constituent Flow,kg/m3,Carlsbad,Baseline
233,sulfuric_acid_addition,Outlet Constituent,0.0,Constituent Flow,kg/m3,Carlsbad,Baseline
234,sulfuric_acid_addition,Waste Constituent,-0.0,Constituent Flow,kg/m3,Carlsbad,Baseline
235,sulfuric_acid_addition,Inlet Constituent Total Mass,0.0,Constituent Flow,kg,Carlsbad,Baseline
236,sulfuric_acid_addition,Outlet Constituent Total Mass,0.0,Constituent Flow,kg,Carlsbad,Baseline
237,sulfuric_acid_addition,Waste Constituent Total Mass,-0.0,Constituent Flow,kg,Carlsbad,Baseline
238,sulfuric_acid_addition,Inlet Constituent,0.0,Constituent Flow,kg/m3,Carlsbad,Baseline
239,sulfuric_acid_addition,Outlet Constituent,0.0,Constituent Flow,kg/m3,Carlsbad,Baseline
240,sulfuric_acid_addition,Waste Constituent,-0.0,Constituent Flow,kg/m3,Carlsbad,Baseline
241,sulfuric_acid_addition,Inlet Constituent Total Mass,0.0,Constituent Flow,kg,Carlsbad,Baseline
242,sulfuric_acid_addition,Outlet Constituent Total Mass,0.0,Constituent Flow,kg,Carlsbad,Baseline
243,sulfuric_acid_addition,Waste Constituent Total Mass,-0.0,Constituent Flow,kg,Carlsbad,Baseline
244,sodium_bisulfite_addition,Fixed Capital Investment (FCI),0.419,Cost,$MM,Carlsbad,Baseline
245,sodium_bisulfite_addition,Land,0.001,Cost,$MM,Carlsbad,Baseline
246,sodium_bisulfite_addition,Working Capital,0.021,Cost,$MM,Carlsbad,Baseline
247,sodium_bisulfite_addition,Total Capital Investment (TCI),0.44,Cost,$MM,Carlsbad,Baseline
248,sodium_bisulfite_addition,Catalysts and Chemicals,0.75,Cost,$MM/yr,Carlsbad,Baseline
249,sodium_bisulfite_addition,Electricity,0.0,Cost,$MM/yr,Carlsbad,Baseline
250,sodium_bisulfite_addition,Other Operating,0.0,Cost,$MM/yr,Carlsbad,Baseline
251,sodium_bisulfite_addition,Employee Salaries,0.0,Cost,$MM/yr,Carlsbad,Baseline
252,sodium_bisulfite_addition,Benefits,0.0,Cost,$MM/yr,Carlsbad,Baseline
253,sodium_bisulfite_addition,Maintenance,0.003,Cost,$MM/yr,Carlsbad,Baseline
254,sodium_bisulfite_addition,Laboratory,0.001,Cost,$MM/yr,Carlsbad,Baseline
255,sodium_bisulfite_addition,Insurance and Taxes,0.001,Cost,$MM/yr,Carlsbad,Baseline
256,sodium_bisulfite_addition,Total Fixed Operating ,0.006,Cost,$MM/yr,Carlsbad,Baseline
257,sodium_bisulfite_addition,Base Employee Salary,0.0,Cost,$MM/yr,Carlsbad,Baseline
258,sodium_bisulfite_addition,Electricity consumption,0.0,Electricity,kWh/m3,Carlsbad,Baseline
259,sodium_bisulfite_addition,Total Unit Cost,1.197,Cost,$MM,Carlsbad,Baseline
260,sodium_bisulfite_addition,Inlet Water,4.558,Water Flow,m3/s,Carlsbad,Baseline
261,sodium_bisulfite_addition,Outlet Water,4.558,Water Flow,m3/s,Carlsbad,Baseline
262,sodium_bisulfite_addition,Waste Water,0.0,Water Flow,m3/s,Carlsbad,Baseline
263,sodium_bisulfite_addition,Inlet Constituent,35.196,Constituent Flow,kg/m3,Carlsbad,Baseline
264,sodium_bisulfite_addition,Outlet Constituent,35.196,Constituent Flow,kg/m3,Carlsbad,Baseline
265,sodium_bisulfite_addition,Waste Constituent,0.0,Constituent Flow,kg/m3,Carlsbad,Baseline
266,sodium_bisulfite_addition,Inlet Constituent Total Mass,160.415,Constituent Flow,kg,Carlsbad,Baseline
267,sodium_bisulfite_addition,Outlet Constituent Total Mass,160.415,Constituent Flow,kg,Carlsbad,Baseline
268,sodium_bisulfite_addition,Waste Constituent Total Mass,0.0,Constituent Flow,kg,Carlsbad,Baseline
269,sodium_bisulfite_addition,Inlet Constituent,0.0,Constituent Flow,kg/m3,Carlsbad,Baseline
270,sodium_bisulfite_addition,Outlet Constituent,0.0,Constituent Flow,kg/m3,Carlsbad,Baseline
271,sodium_bisulfite_addition,Waste Constituent,0.0,Constituent Flow,kg/m3,Carlsbad,Baseline
272,sodium_bisulfite_addition,Inlet Constituent Total Mass,0.0,Constituent Flow,kg,Carlsbad,Baseline
273,sodium_bisulfite_addition,Outlet Constituent Total Mass,0.0,Constituent Flow,kg,Carlsbad,Baseline
274,sodium_bisulfite_addition,Waste Constituent Total Mass,0.0,Constituent Flow,kg,Carlsbad,Baseline
275,sodium_bisulfite_addition,Inlet Constituent,0.0,Constituent Flow,kg/m3,Carlsbad,Baseline
276,sodium_bisulfite_addition,Outlet Constituent,0.0,Constituent Flow,kg/m3,Carlsbad,Baseline
277,sodium_bisulfite_addition,Waste Constituent,0.0,Constituent Flow,kg/m3,Carlsbad,Baseline
278,sodium_bisulfite_addition,Inlet Constituent Total Mass,0.0,Constituent Flow,kg,Carlsbad,Baseline
279,sodium_bisulfite_addition,Outlet Constituent Total Mass,0.0,Constituent Flow,kg,Carlsbad,Baseline
280,sodium_bisulfite_addition,Waste Constituent Total Mass,0.0,Constituent Flow,kg,Carlsbad,Baseline
281,sodium_bisulfite_addition,Inlet Constituent,0.0,Constituent Flow,kg/m3,Carlsbad,Baseline
282,sodium_bisulfite_addition,Outlet Constituent,0.0,Constituent Flow,kg/m3,Carlsbad,Baseline
283,sodium_bisulfite_addition,Waste Constituent,0.0,Constituent Flow,kg/m3,Carlsbad,Baseline
284,sodium_bisulfite_addition,Inlet Constituent Total Mass,0.0,Constituent Flow,kg,Carlsbad,Baseline
285,sodium_bisulfite_addition,Outlet Constituent Total Mass,0.0,Constituent Flow,kg,Carlsbad,Baseline
286,sodium_bisulfite_addition,Waste Constituent Total Mass,0.0,Constituent Flow,kg,Carlsbad,Baseline
287,sodium_bisulfite_addition,Inlet Constituent,0.0,Constituent Flow,kg/m3,Carlsbad,Baseline
288,sodium_bisulfite_addition,Outlet Constituent,0.0,Constituent Flow,kg/m3,Carlsbad,Baseline
289,sodium_bisulfite_addition,Waste Constituent,0.0,Constituent Flow,kg/m3,Carlsbad,Baseline
290,sodium_bisulfite_addition,Inlet Constituent Total Mass,0.0,Constituent Flow,kg,Carlsbad,Baseline
291,sodium_bisulfite_addition,Outlet Constituent Total Mass,0.0,Constituent Flow,kg,Carlsbad,Baseline
292,sodium_bisulfite_addition,Waste Constituent Total Mass,0.0,Constituent Flow,kg,Carlsbad,Baseline
293,sodium_bisulfite_addition,Inlet Constituent,0.0,Constituent Flow,kg/m3,Carlsbad,Baseline
294,sodium_bisulfite_addition,Outlet Constituent,0.0,Constituent Flow,kg/m3,Carlsbad,Baseline
295,sodium_bisulfite_addition,Waste Constituent,0.0,Constituent Flow,kg/m3,Carlsbad,Baseline
296,sodium_bisulfite_addition,Inlet Constituent Total Mass,0.0,Constituent Flow,kg,Carlsbad,Baseline
297,sodium_bisulfite_addition,Outlet Constituent Total Mass,0.0,Constituent Flow,kg,Carlsbad,Baseline
298,sodium_bisulfite_addition,Waste Constituent Total Mass,0.0,Constituent Flow,kg,Carlsbad,Baseline
299,sodium_bisulfite_addition,Inlet Constituent,0.0,Constituent Flow,kg/m3,Carlsbad,Baseline
300,sodium_bisulfite_addition,Outlet Constituent,0.0,Constituent Flow,kg/m3,Carlsbad,Baseline
301,sodium_bisulfite_addition,Waste Constituent,0.0,Constituent Flow,kg/m3,Carlsbad,Baseline
302,sodium_bisulfite_addition,Inlet Constituent Total Mass,0.0,Constituent Flow,kg,Carlsbad,Baseline
303,sodium_bisulfite_addition,Outlet Constituent Total Mass,0.0,Constituent Flow,kg,Carlsbad,Baseline
304,sodium_bisulfite_addition,Waste Constituent Total Mass,0.0,Constituent Flow,kg,Carlsbad,Baseline
305,cartridge_filtration,Fixed Capital Investment (FCI),11.987,Cost,$MM,Carlsbad,Baseline
306,cartridge_filtration,Land,0.018,Cost,$MM,Carlsbad,Baseline
307,cartridge_filtration,Working Capital,0.599,Cost,$MM,Carlsbad,Baseline
308,cartridge_filtration,Total Capital Investment (TCI),12.605,Cost,$MM,Carlsbad,Baseline
309,cartridge_filtration,Catalysts and Chemicals,0.0,Cost,$MM/yr,Carlsbad,Baseline
310,cartridge_filtration,Electricity,0.0,Cost,$MM/yr,Carlsbad,Baseline
311,cartridge_filtration,Other Operating,0.0,Cost,$MM/yr,Carlsbad,Baseline
312,cartridge_filtration,Employee Salaries,0.013,Cost,$MM/yr,Carlsbad,Baseline
313,cartridge_filtration,Benefits,0.011,Cost,$MM/yr,Carlsbad,Baseline
314,cartridge_filtration,Maintenance,0.096,Cost,$MM/yr,Carlsbad,Baseline
315,cartridge_filtration,Laboratory,0.036,Cost,$MM/yr,Carlsbad,Baseline
316,cartridge_filtration,Insurance and Taxes,0.024,Cost,$MM/yr,Carlsbad,Baseline
317,cartridge_filtration,Total Fixed Operating ,0.18,Cost,$MM/yr,Carlsbad,Baseline
318,cartridge_filtration,Base Employee Salary,0.011,Cost,$MM/yr,Carlsbad,Baseline
319,cartridge_filtration,Electricity consumption,0.0,Electricity,kWh/m3,Carlsbad,Baseline
320,cartridge_filtration,Total Unit Cost,12.785,Cost,$MM,Carlsbad,Baseline
321,cartridge_filtration,Inlet Water,4.558,Water Flow,m3/s,Carlsbad,Baseline
322,cartridge_filtration,Outlet Water,4.558,Water Flow,m3/s,Carlsbad,Baseline
323,cartridge_filtration,Waste Water,0.0,Water Flow,m3/s,Carlsbad,Baseline
324,cartridge_filtration,Inlet Constituent,35.196,Constituent Flow,kg/m3,Carlsbad,Baseline
325,cartridge_filtration,Outlet Constituent,35.196,Constituent Flow,kg/m3,Carlsbad,Baseline
326,cartridge_filtration,Waste Constituent,0.0,Constituent Flow,kg/m3,Carlsbad,Baseline
327,cartridge_filtration,Inlet Constituent Total Mass,160.415,Constituent Flow,kg,Carlsbad,Baseline
328,cartridge_filtration,Outlet Constituent Total Mass,160.415,Constituent Flow,kg,Carlsbad,Baseline
329,cartridge_filtration,Waste Constituent Total Mass,0.0,Constituent Flow,kg,Carlsbad,Baseline
330,cartridge_filtration,Inlet Constituent,0.0,Constituent Flow,kg/m3,Carlsbad,Baseline
331,cartridge_filtration,Outlet Constituent,0.0,Constituent Flow,kg/m3,Carlsbad,Baseline
332,cartridge_filtration,Waste Constituent,0.0,Constituent Flow,kg/m3,Carlsbad,Baseline
333,cartridge_filtration,Inlet Constituent Total Mass,0.0,Constituent Flow,kg,Carlsbad,Baseline
334,cartridge_filtration,Outlet Constituent Total Mass,0.0,Constituent Flow,kg,Carlsbad,Baseline
335,cartridge_filtration,Waste Constituent Total Mass,0.0,Constituent Flow,kg,Carlsbad,Baseline
336,cartridge_filtration,Inlet Constituent,0.0,Constituent Flow,kg/m3,Carlsbad,Baseline
337,cartridge_filtration,Outlet Constituent,0.0,Constituent Flow,kg/m3,Carlsbad,Baseline
338,cartridge_filtration,Waste Constituent,0.0,Constituent Flow,kg/m3,Carlsbad,Baseline
339,cartridge_filtration,Inlet Constituent Total Mass,0.0,Constituent Flow,kg,Carlsbad,Baseline
340,cartridge_filtration,Outlet Constituent Total Mass,0.0,Constituent Flow,kg,Carlsbad,Baseline
341,cartridge_filtration,Waste Constituent Total Mass,0.0,Constituent Flow,kg,Carlsbad,Baseline
342,cartridge_filtration,Inlet Constituent,0.0,Constituent Flow,kg/m3,Carlsbad,Baseline
343,cartridge_filtration,Outlet Constituent,0.0,Constituent Flow,kg/m3,Carlsbad,Baseline
344,cartridge_filtration,Waste Constituent,0.0,Constituent Flow,kg/m3,Carlsbad,Baseline
345,cartridge_filtration,Inlet Constituent Total Mass,0.0,Constituent Flow,kg,Carlsbad,Baseline
346,cartridge_filtration,Outlet Constituent Total Mass,0.0,Constituent Flow,kg,Carlsbad,Baseline
347,cartridge_filtration,Waste Constituent Total Mass,0.0,Constituent Flow,kg,Carlsbad,Baseline
348,cartridge_filtration,Inlet Constituent,0.0,Constituent Flow,kg/m3,Carlsbad,Baseline
349,cartridge_filtration,Outlet Constituent,0.0,Constituent Flow,kg/m3,Carlsbad,Baseline
350,cartridge_filtration,Waste Constituent,0.0,Constituent Flow,kg/m3,Carlsbad,Baseline
351,cartridge_filtration,Inlet Constituent Total Mass,0.0,Constituent Flow,kg,Carlsbad,Baseline
352,cartridge_filtration,Outlet Constituent Total Mass,0.0,Constituent Flow,kg,Carlsbad,Baseline
353,cartridge_filtration,Waste Constituent Total Mass,0.0,Constituent Flow,kg,Carlsbad,Baseline
354,cartridge_filtration,Inlet Constituent,0.0,Constituent Flow,kg/m3,Carlsbad,Baseline
355,cartridge_filtration,Outlet Constituent,0.0,Constituent Flow,kg/m3,Carlsbad,Baseline
356,cartridge_filtration,Waste Constituent,0.0,Constituent Flow,kg/m3,Carlsbad,Baseline
357,cartridge_filtration,Inlet Constituent Total Mass,0.0,Constituent Flow,kg,Carlsbad,Baseline
358,cartridge_filtration,Outlet Constituent Total Mass,0.0,Constituent Flow,kg,Carlsbad,Baseline
359,cartridge_filtration,Waste Constituent Total Mass,0.0,Constituent Flow,kg,Carlsbad,Baseline
360,cartridge_filtration,Inlet Constituent,0.0,Constituent Flow,kg/m3,Carlsbad,Baseline
361,cartridge_filtration,Outlet Constituent,0.0,Constituent Flow,kg/m3,Carlsbad,Baseline
362,cartridge_filtration,Waste Constituent,0.0,Constituent Flow,kg/m3,Carlsbad,Baseline
363,cartridge_filtration,Inlet Constituent Total Mass,0.0,Constituent Flow,kg,Carlsbad,Baseline
364,cartridge_filtration,Outlet Constituent Total Mass,0.0,Constituent Flow,kg,Carlsbad,Baseline
365,cartridge_filtration,Waste Constituent Total Mass,0.0,Constituent Flow,kg,Carlsbad,Baseline
366,ro_deep,Fixed Capital Investment (FCI),265.536,Cost,$MM,Carlsbad,Baseline
367,ro_deep,Land,0.398,Cost,$MM,Carlsbad,Baseline
368,ro_deep,Working Capital,13.277,Cost,$MM,Carlsbad,Baseline
369,ro_deep,Total Capital Investment (TCI),279.211,Cost,$MM,Carlsbad,Baseline
370,ro_deep,Catalysts and Chemicals,0.0,Cost,$MM/yr,Carlsbad,Baseline
371,ro_deep,Electricity,33.747,Cost,$MM/yr,Carlsbad,Baseline
372,ro_deep,Other Operating,0.0,Cost,$MM/yr,Carlsbad,Baseline
373,ro_deep,Employee Salaries,0.28,Cost,$MM/yr,Carlsbad,Baseline
374,ro_deep,Benefits,0.252,Cost,$MM/yr,Carlsbad,Baseline
375,ro_deep,Maintenance,2.124,Cost,$MM/yr,Carlsbad,Baseline
376,ro_deep,Laboratory,0.797,Cost,$MM/yr,Carlsbad,Baseline
377,ro_deep,Insurance and Taxes,0.531,Cost,$MM/yr,Carlsbad,Baseline
378,ro_deep,Total Fixed Operating ,3.984,Cost,$MM/yr,Carlsbad,Baseline
379,ro_deep,Base Employee Salary,0.223,Cost,$MM/yr,Carlsbad,Baseline
380,ro_deep,Electricity consumption,1.751,Electricity,kWh/m3,Carlsbad,Baseline
381,ro_deep,Total Unit Cost,316.942,Cost,$MM,Carlsbad,Baseline
382,ro_deep,Inlet Water,4.558,Water Flow,m3/s,Carlsbad,Baseline
383,ro_deep,Outlet Water,2.4,Water Flow,m3/s,Carlsbad,Baseline
384,ro_deep,Waste Water,2.158,Water Flow,m3/s,Carlsbad,Baseline
385,ro_deep,Inlet Constituent,35.196,Constituent Flow,kg/m3,Carlsbad,Baseline
386,ro_deep,Outlet Constituent,0.535,Constituent Flow,kg/m3,Carlsbad,Baseline
387,ro_deep,Waste Constituent,73.733,Constituent Flow,kg/m3,Carlsbad,Baseline
388,ro_deep,Inlet Constituent Total Mass,160.415,Constituent Flow,kg,Carlsbad,Baseline
389,ro_deep,Outlet Constituent Total Mass,1.283,Constituent Flow,kg,Carlsbad,Baseline
390,ro_deep,Waste Constituent Total Mass,159.132,Constituent Flow,kg,Carlsbad,Baseline
391,ro_deep,Inlet Constituent,0.0,Constituent Flow,kg/m3,Carlsbad,Baseline
392,ro_deep,Outlet Constituent,0.0,Constituent Flow,kg/m3,Carlsbad,Baseline
393,ro_deep,Waste Constituent,0.0,Constituent Flow,kg/m3,Carlsbad,Baseline
394,ro_deep,Inlet Constituent Total Mass,0.0,Constituent Flow,kg,Carlsbad,Baseline
395,ro_deep,Outlet Constituent Total Mass,0.0,Constituent Flow,kg,Carlsbad,Baseline
396,ro_deep,Waste Constituent Total Mass,0.0,Constituent Flow,kg,Carlsbad,Baseline
397,ro_deep,Inlet Constituent,0.0,Constituent Flow,kg/m3,Carlsbad,Baseline
398,ro_deep,Outlet Constituent,0.0,Constituent Flow,kg/m3,Carlsbad,Baseline
399,ro_deep,Waste Constituent,0.0,Constituent Flow,kg/m3,Carlsbad,Baseline
400,ro_deep,Inlet Constituent Total Mass,0.0,Constituent Flow,kg,Carlsbad,Baseline
401,ro_deep,Outlet Constituent Total Mass,0.0,Constituent Flow,kg,Carlsbad,Baseline
402,ro_deep,Waste Constituent Total Mass,0.0,Constituent Flow,kg,Carlsbad,Baseline
403,ro_deep,Inlet Constituent,0.0,Constituent Flow,kg/m3,Carlsbad,Baseline
404,ro_deep,Outlet Constituent,0.0,Constituent Flow,kg/m3,Carlsbad,Baseline
405,ro_deep,Waste Constituent,0.0,Constituent Flow,kg/m3,Carlsbad,Baseline
406,ro_deep,Inlet Constituent Total Mass,0.0,Constituent Flow,kg,Carlsbad,Baseline
407,ro_deep,Outlet Constituent Total Mass,0.0,Constituent Flow,kg,Carlsbad,Baseline
408,ro_deep,Waste Constituent Total Mass,0.0,Constituent Flow,kg,Carlsbad,Baseline
409,ro_deep,Inlet Constituent,0.0,Constituent Flow,kg/m3,Carlsbad,Baseline
410,ro_deep,Outlet Constituent,0.0,Constituent Flow,kg/m3,Carlsbad,Baseline
411,ro_deep,Waste Constituent,0.0,Constituent Flow,kg/m3,Carlsbad,Baseline
412,ro_deep,Inlet Constituent Total Mass,0.0,Constituent Flow,kg,Carlsbad,Baseline
413,ro_deep,Outlet Constituent Total Mass,0.0,Constituent Flow,kg,Carlsbad,Baseline
414,ro_deep,Waste Constituent Total Mass,0.0,Constituent Flow,kg,Carlsbad,Baseline
415,ro_deep,Inlet Constituent,0.0,Constituent Flow,kg/m3,Carlsbad,Baseline
416,ro_deep,Outlet Constituent,0.0,Constituent Flow,kg/m3,Carlsbad,Baseline
417,ro_deep,Waste Constituent,0.0,Constituent Flow,kg/m3,Carlsbad,Baseline
418,ro_deep,Inlet Constituent Total Mass,0.0,Constituent Flow,kg,Carlsbad,Baseline
419,ro_deep,Outlet Constituent Total Mass,0.0,Constituent Flow,kg,Carlsbad,Baseline
420,ro_deep,Waste Constituent Total Mass,0.0,Constituent Flow,kg,Carlsbad,Baseline
421,ro_deep,Inlet Constituent,0.0,Constituent Flow,kg/m3,Carlsbad,Baseline
422,ro_deep,Outlet Constituent,0.0,Constituent Flow,kg/m3,Carlsbad,Baseline
423,ro_deep,Waste Constituent,0.0,Constituent Flow,kg/m3,Carlsbad,Baseline
424,ro_deep,Inlet Constituent Total Mass,0.0,Constituent Flow,kg,Carlsbad,Baseline
425,ro_deep,Outlet Constituent Total Mass,0.0,Constituent Flow,kg,Carlsbad,Baseline
426,ro_deep,Waste Constituent Total Mass,0.0,Constituent Flow,kg,Carlsbad,Baseline
427,lime_softening,Fixed Capital Investment (FCI),52.909,Cost,$MM,Carlsbad,Baseline
428,lime_softening,Land,0.079,Cost,$MM,Carlsbad,Baseline
429,lime_softening,Working Capital,2.645,Cost,$MM,Carlsbad,Baseline
430,lime_softening,Total Capital Investment (TCI),55.634,Cost,$MM,Carlsbad,Baseline
431,lime_softening,Catalysts and Chemicals,0.783,Cost,$MM/yr,Carlsbad,Baseline
432,lime_softening,Electricity,0.101,Cost,$MM/yr,Carlsbad,Baseline
433,lime_softening,Other Operating,0.0,Cost,$MM/yr,Carlsbad,Baseline
434,lime_softening,Employee Salaries,0.053,Cost,$MM/yr,Carlsbad,Baseline
435,lime_softening,Benefits,0.048,Cost,$MM/yr,Carlsbad,Baseline
436,lime_softening,Maintenance,0.423,Cost,$MM/yr,Carlsbad,Baseline
437,lime_softening,Laboratory,0.159,Cost,$MM/yr,Carlsbad,Baseline
438,lime_softening,Insurance and Taxes,0.106,Cost,$MM/yr,Carlsbad,Baseline
439,lime_softening,Total Fixed Operating ,0.788,Cost,$MM/yr,Carlsbad,Baseline
440,lime_softening,Base Employee Salary,0.053,Cost,$MM/yr,Carlsbad,Baseline
441,lime_softening,Electricity consumption,0.01,Electricity,kWh/m3,Carlsbad,Baseline
442,lime_softening,Total Unit Cost,57.307,Cost,$MM,Carlsbad,Baseline
443,lime_softening,Inlet Water,2.4,Water Flow,m3/s,Carlsbad,Baseline
444,lime_softening,Outlet Water,2.399,Water Flow,m3/s,Carlsbad,Baseline
445,lime_softening,Waste Water,0.0,Water Flow,m3/s,Carlsbad,Baseline
446,lime_softening,Inlet Constituent,0.535,Constituent Flow,kg/m3,Carlsbad,Baseline
447,lime_softening,Outlet Constituent,0.535,Constituent Flow,kg/m3,Carlsbad,Baseline
448,lime_softening,Waste Constituent,-0.0,Constituent Flow,kg/m3,Carlsbad,Baseline
449,lime_softening,Inlet Constituent Total Mass,1.283,Constituent Flow,kg,Carlsbad,Baseline
450,lime_softening,Outlet Constituent Total Mass,1.283,Constituent Flow,kg,Carlsbad,Baseline
451,lime_softening,Waste Constituent Total Mass,-0.0,Constituent Flow,kg,Carlsbad,Baseline
452,lime_softening,Inlet Constituent,0.0,Constituent Flow,kg/m3,Carlsbad,Baseline
453,lime_softening,Outlet Constituent,0.0,Constituent Flow,kg/m3,Carlsbad,Baseline
454,lime_softening,Waste Constituent,0.0,Constituent Flow,kg/m3,Carlsbad,Baseline
455,lime_softening,Inlet Constituent Total Mass,0.0,Constituent Flow,kg,Carlsbad,Baseline
456,lime_softening,Outlet Constituent Total Mass,0.0,Constituent Flow,kg,Carlsbad,Baseline
457,lime_softening,Waste Constituent Total Mass,0.0,Constituent Flow,kg,Carlsbad,Baseline
458,lime_softening,Inlet Constituent,0.0,Constituent Flow,kg/m3,Carlsbad,Baseline
459,lime_softening,Outlet Constituent,0.0,Constituent Flow,kg/m3,Carlsbad,Baseline
460,lime_softening,Waste Constituent,0.0,Constituent Flow,kg/m3,Carlsbad,Baseline
461,lime_softening,Inlet Constituent Total Mass,0.0,Constituent Flow,kg,Carlsbad,Baseline
462,lime_softening,Outlet Constituent Total Mass,0.0,Constituent Flow,kg,Carlsbad,Baseline
463,lime_softening,Waste Constituent Total Mass,0.0,Constituent Flow,kg,Carlsbad,Baseline
464,lime_softening,Inlet Constituent,0.0,Constituent Flow,kg/m3,Carlsbad,Baseline
465,lime_softening,Outlet Constituent,0.0,Constituent Flow,kg/m3,Carlsbad,Baseline
466,lime_softening,Waste Constituent,0.0,Constituent Flow,kg/m3,Carlsbad,Baseline
467,lime_softening,Inlet Constituent Total Mass,0.0,Constituent Flow,kg,Carlsbad,Baseline
468,lime_softening,Outlet Constituent Total Mass,0.0,Constituent Flow,kg,Carlsbad,Baseline
469,lime_softening,Waste Constituent Total Mass,0.0,Constituent Flow,kg,Carlsbad,Baseline
470,lime_softening,Inlet Constituent,0.0,Constituent Flow,kg/m3,Carlsbad,Baseline
471,lime_softening,Outlet Constituent,0.0,Constituent Flow,kg/m3,Carlsbad,Baseline
472,lime_softening,Waste Constituent,0.0,Constituent Flow,kg/m3,Carlsbad,Baseline
473,lime_softening,Inlet Constituent Total Mass,0.0,Constituent Flow,kg,Carlsbad,Baseline
474,lime_softening,Outlet Constituent Total Mass,0.0,Constituent Flow,kg,Carlsbad,Baseline
475,lime_softening,Waste Constituent Total Mass,0.0,Constituent Flow,kg,Carlsbad,Baseline
476,lime_softening,Inlet Constituent,0.0,Constituent Flow,kg/m3,Carlsbad,Baseline
477,lime_softening,Outlet Constituent,0.0,Constituent Flow,kg/m3,Carlsbad,Baseline
478,lime_softening,Waste Constituent,0.0,Constituent Flow,kg/m3,Carlsbad,Baseline
479,lime_softening,Inlet Constituent Total Mass,0.0,Constituent Flow,kg,Carlsbad,Baseline
480,lime_softening,Outlet Constituent Total Mass,0.0,Constituent Flow,kg,Carlsbad,Baseline
481,lime_softening,Waste Constituent Total Mass,0.0,Constituent Flow,kg,Carlsbad,Baseline
482,lime_softening,Inlet Constituent,0.0,Constituent Flow,kg/m3,Carlsbad,Baseline
483,lime_softening,Outlet Constituent,0.0,Constituent Flow,kg/m3,Carlsbad,Baseline
484,lime_softening,Waste Constituent,0.0,Constituent Flow,kg/m3,Carlsbad,Baseline
485,lime_softening,Inlet Constituent Total Mass,0.0,Constituent Flow,kg,Carlsbad,Baseline
486,lime_softening,Outlet Constituent Total Mass,0.0,Constituent Flow,kg,Carlsbad,Baseline
487,lime_softening,Waste Constituent Total Mass,0.0,Constituent Flow,kg,Carlsbad,Baseline
488,co2_addition,Fixed Capital Investment (FCI),7.771,Cost,$MM,Carlsbad,Baseline
489,co2_addition,Land,0.012,Cost,$MM,Carlsbad,Baseline
490,co2_addition,Working Capital,0.389,Cost,$MM,Carlsbad,Baseline
491,co2_addition,Total Capital Investment (TCI),8.171,Cost,$MM,Carlsbad,Baseline
492,co2_addition,Catalysts and Chemicals,0.0,Cost,$MM/yr,Carlsbad,Baseline
493,co2_addition,Electricity,0.101,Cost,$MM/yr,Carlsbad,Baseline
494,co2_addition,Other Operating,0.0,Cost,$MM/yr,Carlsbad,Baseline
495,co2_addition,Employee Salaries,0.008,Cost,$MM/yr,Carlsbad,Baseline
496,co2_addition,Benefits,0.007,Cost,$MM/yr,Carlsbad,Baseline
497,co2_addition,Maintenance,0.062,Cost,$MM/yr,Carlsbad,Baseline
498,co2_addition,Laboratory,0.023,Cost,$MM/yr,Carlsbad,Baseline
499,co2_addition,Insurance and Taxes,0.016,Cost,$MM/yr,Carlsbad,Baseline
500,co2_addition,Total Fixed Operating ,0.116,Cost,$MM/yr,Carlsbad,Baseline
501,co2_addition,Base Employee Salary,0.008,Cost,$MM/yr,Carlsbad,Baseline
502,co2_addition,Electricity consumption,0.01,Electricity,kWh/m3,Carlsbad,Baseline
503,co2_addition,Total Unit Cost,8.389,Cost,$MM,Carlsbad,Baseline
504,co2_addition,Inlet Water,2.399,Water Flow,m3/s,Carlsbad,Baseline
505,co2_addition,Outlet Water,2.399,Water Flow,m3/s,Carlsbad,Baseline
506,co2_addition,Waste Water,0.0,Water Flow,m3/s,Carlsbad,Baseline
507,co2_addition,Inlet Constituent,0.535,Constituent Flow,kg/m3,Carlsbad,Baseline
508,co2_addition,Outlet Constituent,0.535,Constituent Flow,kg/m3,Carlsbad,Baseline
509,co2_addition,Waste Constituent,-0.0,Constituent Flow,kg/m3,Carlsbad,Baseline
510,co2_addition,Inlet Constituent Total Mass,1.283,Constituent Flow,kg,Carlsbad,Baseline
511,co2_addition,Outlet Constituent Total Mass,1.283,Constituent Flow,kg,Carlsbad,Baseline
512,co2_addition,Waste Constituent Total Mass,-0.0,Constituent Flow,kg,Carlsbad,Baseline
513,co2_addition,Inlet Constituent,0.0,Constituent Flow,kg/m3,Carlsbad,Baseline
514,co2_addition,Outlet Constituent,0.0,Constituent Flow,kg/m3,Carlsbad,Baseline
515,co2_addition,Waste Constituent,0.0,Constituent Flow,kg/m3,Carlsbad,Baseline
516,co2_addition,Inlet Constituent Total Mass,0.0,Constituent Flow,kg,Carlsbad,Baseline
517,co2_addition,Outlet Constituent Total Mass,0.0,Constituent Flow,kg,Carlsbad,Baseline
518,co2_addition,Waste Constituent Total Mass,0.0,Constituent Flow,kg,Carlsbad,Baseline
519,co2_addition,Inlet Constituent,0.0,Constituent Flow,kg/m3,Carlsbad,Baseline
520,co2_addition,Outlet Constituent,0.0,Constituent Flow,kg/m3,Carlsbad,Baseline
521,co2_addition,Waste Constituent,0.0,Constituent Flow,kg/m3,Carlsbad,Baseline
522,co2_addition,Inlet Constituent Total Mass,0.0,Constituent Flow,kg,Carlsbad,Baseline
523,co2_addition,Outlet Constituent Total Mass,0.0,Constituent Flow,kg,Carlsbad,Baseline
524,co2_addition,Waste Constituent Total Mass,0.0,Constituent Flow,kg,Carlsbad,Baseline
525,co2_addition,Inlet Constituent,0.0,Constituent Flow,kg/m3,Carlsbad,Baseline
526,co2_addition,Outlet Constituent,0.0,Constituent Flow,kg/m3,Carlsbad,Baseline
527,co2_addition,Waste Constituent,0.0,Constituent Flow,kg/m3,Carlsbad,Baseline
528,co2_addition,Inlet Constituent Total Mass,0.0,Constituent Flow,kg,Carlsbad,Baseline
529,co2_addition,Outlet Constituent Total Mass,0.0,Constituent Flow,kg,Carlsbad,Baseline
530,co2_addition,Waste Constituent Total Mass,0.0,Constituent Flow,kg,Carlsbad,Baseline
531,co2_addition,Inlet Constituent,0.0,Constituent Flow,kg/m3,Carlsbad,Baseline
532,co2_addition,Outlet Constituent,0.0,Constituent Flow,kg/m3,Carlsbad,Baseline
533,co2_addition,Waste Constituent,0.0,Constituent Flow,kg/m3,Carlsbad,Baseline
534,co2_addition,Inlet Constituent Total Mass,0.0,Constituent Flow,kg,Carlsbad,Baseline
535,co2_addition,Outlet Constituent Total Mass,0.0,Constituent Flow,kg,Carlsbad,Baseline
536,co2_addition,Waste Constituent Total Mass,0.0,Constituent Flow,kg,Carlsbad,Baseline
537,co2_addition,Inlet Constituent,0.0,Constituent Flow,kg/m3,Carlsbad,Baseline
538,co2_addition,Outlet Constituent,0.0,Constituent Flow,kg/m3,Carlsbad,Baseline
539,co2_addition,Waste Constituent,0.0,Constituent Flow,kg/m3,Carlsbad,Baseline
540,co2_addition,Inlet Constituent Total Mass,0.0,Constituent Flow,kg,Carlsbad,Baseline
541,co2_addition,Outlet Constituent Total Mass,0.0,Constituent Flow,kg,Carlsbad,Baseline
542,co2_addition,Waste Constituent Total Mass,0.0,Constituent Flow,kg,Carlsbad,Baseline
543,co2_addition,Inlet Constituent,0.0,Constituent Flow,kg/m3,Carlsbad,Baseline
544,co2_addition,Outlet Constituent,0.0,Constituent Flow,kg/m3,Carlsbad,Baseline
545,co2_addition,Waste Constituent,0.0,Constituent Flow,kg/m3,Carlsbad,Baseline
546,co2_addition,Inlet Constituent Total Mass,0.0,Constituent Flow,kg,Carlsbad,Baseline
547,co2_addition,Outlet Constituent Total Mass,0.0,Constituent Flow,kg,Carlsbad,Baseline
548,co2_addition,Waste Constituent Total Mass,0.0,Constituent Flow,kg,Carlsbad,Baseline
549,chlorination_twb,Fixed Capital Investment (FCI),9.442,Cost,$MM,Carlsbad,Baseline
550,chlorination_twb,Land,0.014,Cost,$MM,Carlsbad,Baseline
551,chlorination_twb,Working Capital,0.472,Cost,$MM,Carlsbad,Baseline
552,chlorination_twb,Total Capital Investment (TCI),9.928,Cost,$MM,Carlsbad,Baseline
553,chlorination_twb,Catalysts and Chemicals,0.005,Cost,$MM/yr,Carlsbad,Baseline
554,chlorination_twb,Electricity,0.0,Cost,$MM/yr,Carlsbad,Baseline
555,chlorination_twb,Other Operating,0.0,Cost,$MM/yr,Carlsbad,Baseline
556,chlorination_twb,Employee Salaries,0.01,Cost,$MM/yr,Carlsbad,Baseline
557,chlorination_twb,Benefits,0.009,Cost,$MM/yr,Carlsbad,Baseline
558,chlorination_twb,Maintenance,0.076,Cost,$MM/yr,Carlsbad,Baseline
559,chlorination_twb,Laboratory,0.028,Cost,$MM/yr,Carlsbad,Baseline
560,chlorination_twb,Insurance and Taxes,0.019,Cost,$MM/yr,Carlsbad,Baseline
561,chlorination_twb,Total Fixed Operating ,0.142,Cost,$MM/yr,Carlsbad,Baseline
562,chlorination_twb,Base Employee Salary,0.009,Cost,$MM/yr,Carlsbad,Baseline
563,chlorination_twb,Electricity consumption,0.0,Electricity,kWh/m3,Carlsbad,Baseline
564,chlorination_twb,Total Unit Cost,10.075,Cost,$MM,Carlsbad,Baseline
565,chlorination_twb,Inlet Water,2.399,Water Flow,m3/s,Carlsbad,Baseline
566,chlorination_twb,Outlet Water,2.399,Water Flow,m3/s,Carlsbad,Baseline
567,chlorination_twb,Waste Water,0.0,Water Flow,m3/s,Carlsbad,Baseline
568,chlorination_twb,Inlet Constituent,0.535,Constituent Flow,kg/m3,Carlsbad,Baseline
569,chlorination_twb,Outlet Constituent,0.535,Constituent Flow,kg/m3,Carlsbad,Baseline
570,chlorination_twb,Waste Constituent,-0.0,Constituent Flow,kg/m3,Carlsbad,Baseline
571,chlorination_twb,Inlet Constituent Total Mass,1.283,Constituent Flow,kg,Carlsbad,Baseline
572,chlorination_twb,Outlet Constituent Total Mass,1.283,Constituent Flow,kg,Carlsbad,Baseline
573,chlorination_twb,Waste Constituent Total Mass,-0.0,Constituent Flow,kg,Carlsbad,Baseline
574,chlorination_twb,Inlet Constituent,0.0,Constituent Flow,kg/m3,Carlsbad,Baseline
575,chlorination_twb,Outlet Constituent,0.0,Constituent Flow,kg/m3,Carlsbad,Baseline
576,chlorination_twb,Waste Constituent,0.0,Constituent Flow,kg/m3,Carlsbad,Baseline
577,chlorination_twb,Inlet Constituent Total Mass,0.0,Constituent Flow,kg,Carlsbad,Baseline
578,chlorination_twb,Outlet Constituent Total Mass,0.0,Constituent Flow,kg,Carlsbad,Baseline
579,chlorination_twb,Waste Constituent Total Mass,0.0,Constituent Flow,kg,Carlsbad,Baseline
580,chlorination_twb,Inlet Constituent,0.0,Constituent Flow,kg/m3,Carlsbad,Baseline
581,chlorination_twb,Outlet Constituent,0.0,Constituent Flow,kg/m3,Carlsbad,Baseline
582,chlorination_twb,Waste Constituent,0.0,Constituent Flow,kg/m3,Carlsbad,Baseline
583,chlorination_twb,Inlet Constituent Total Mass,0.0,Constituent Flow,kg,Carlsbad,Baseline
584,chlorination_twb,Outlet Constituent Total Mass,0.0,Constituent Flow,kg,Carlsbad,Baseline
585,chlorination_twb,Waste Constituent Total Mass,0.0,Constituent Flow,kg,Carlsbad,Baseline
586,chlorination_twb,Inlet Constituent,0.0,Constituent Flow,kg/m3,Carlsbad,Baseline
587,chlorination_twb,Outlet Constituent,0.0,Constituent Flow,kg/m3,Carlsbad,Baseline
588,chlorination_twb,Waste Constituent,0.0,Constituent Flow,kg/m3,Carlsbad,Baseline
589,chlorination_twb,Inlet Constituent Total Mass,0.0,Constituent Flow,kg,Carlsbad,Baseline
590,chlorination_twb,Outlet Constituent Total Mass,0.0,Constituent Flow,kg,Carlsbad,Baseline
591,chlorination_twb,Waste Constituent Total Mass,0.0,Constituent Flow,kg,Carlsbad,Baseline
592,chlorination_twb,Inlet Constituent,0.0,Constituent Flow,kg/m3,Carlsbad,Baseline
593,chlorination_twb,Outlet Constituent,0.0,Constituent Flow,kg/m3,Carlsbad,Baseline
594,chlorination_twb,Waste Constituent,0.0,Constituent Flow,kg/m3,Carlsbad,Baseline
595,chlorination_twb,Inlet Constituent Total Mass,0.0,Constituent Flow,kg,Carlsbad,Baseline
596,chlorination_twb,Outlet Constituent Total Mass,0.0,Constituent Flow,kg,Carlsbad,Baseline
597,chlorination_twb,Waste Constituent Total Mass,0.0,Constituent Flow,kg,Carlsbad,Baseline
598,chlorination_twb,Inlet Constituent,0.0,Constituent Flow,kg/m3,Carlsbad,Baseline
599,chlorination_twb,Outlet Constituent,0.0,Constituent Flow,kg/m3,Carlsbad,Baseline
600,chlorination_twb,Waste Constituent,0.0,Constituent Flow,kg/m3,Carlsbad,Baseline
601,chlorination_twb,Inlet Constituent Total Mass,0.0,Constituent Flow,kg,Carlsbad,Baseline
602,chlorination_twb,Outlet Constituent Total Mass,0.0,Constituent Flow,kg,Carlsbad,Baseline
603,chlorination_twb,Waste Constituent Total Mass,0.0,Constituent Flow,kg,Carlsbad,Baseline
604,chlorination_twb,Inlet Constituent,0.0,Constituent Flow,kg/m3,Carlsbad,Baseline
605,chlorination_twb,Outlet Constituent,0.0,Constituent Flow,kg/m3,Carlsbad,Baseline
606,chlorination_twb,Waste Constituent,0.0,Constituent Flow,kg/m3,Carlsbad,Baseline
607,chlorination_twb,Inlet Constituent Total Mass,0.0,Constituent Flow,kg,Carlsbad,Baseline
608,chlorination_twb,Outlet Constituent Total Mass,0.0,Constituent Flow,kg,Carlsbad,Baseline
609,chlorination_twb,Waste Constituent Total Mass,0.0,Constituent Flow,kg,Carlsbad,Baseline
610,ammonia_addition,Fixed Capital Investment (FCI),0.811,Cost,$MM,Carlsbad,Baseline
611,ammonia_addition,Land,0.001,Cost,$MM,Carlsbad,Baseline
612,ammonia_addition,Working Capital,0.041,Cost,$MM,Carlsbad,Baseline
613,ammonia_addition,Total Capital Investment (TCI),0.852,Cost,$MM,Carlsbad,Baseline
614,ammonia_addition,Catalysts and Chemicals,0.0,Cost,$MM/yr,Carlsbad,Baseline
615,ammonia_addition,Electricity,0.0,Cost,$MM/yr,Carlsbad,Baseline
616,ammonia_addition,Other Operating,0.0,Cost,$MM/yr,Carlsbad,Baseline
617,ammonia_addition,Employee Salaries,0.001,Cost,$MM/yr,Carlsbad,Baseline
618,ammonia_addition,Benefits,0.001,Cost,$MM/yr,Carlsbad,Baseline
619,ammonia_addition,Maintenance,0.006,Cost,$MM/yr,Carlsbad,Baseline
620,ammonia_addition,Laboratory,0.002,Cost,$MM/yr,Carlsbad,Baseline
621,ammonia_addition,Insurance and Taxes,0.002,Cost,$MM/yr,Carlsbad,Baseline
622,ammonia_addition,Total Fixed Operating ,0.012,Cost,$MM/yr,Carlsbad,Baseline
623,ammonia_addition,Base Employee Salary,0.001,Cost,$MM/yr,Carlsbad,Baseline
624,ammonia_addition,Electricity consumption,0.0,Electricity,kWh/m3,Carlsbad,Baseline
625,ammonia_addition,Total Unit Cost,0.865,Cost,$MM,Carlsbad,Baseline
626,ammonia_addition,Inlet Water,2.399,Water Flow,m3/s,Carlsbad,Baseline
627,ammonia_addition,Outlet Water,2.399,Water Flow,m3/s,Carlsbad,Baseline
628,ammonia_addition,Waste Water,0.0,Water Flow,m3/s,Carlsbad,Baseline
629,ammonia_addition,Inlet Constituent,0.535,Constituent Flow,kg/m3,Carlsbad,Baseline
630,ammonia_addition,Outlet Constituent,0.535,Constituent Flow,kg/m3,Carlsbad,Baseline
631,ammonia_addition,Waste Constituent,-0.0,Constituent Flow,kg/m3,Carlsbad,Baseline
632,ammonia_addition,Inlet Constituent Total Mass,1.283,Constituent Flow,kg,Carlsbad,Baseline
633,ammonia_addition,Outlet Constituent Total Mass,1.283,Constituent Flow,kg,Carlsbad,Baseline
634,ammonia_addition,Waste Constituent Total Mass,-0.0,Constituent Flow,kg,Carlsbad,Baseline
635,ammonia_addition,Inlet Constituent,0.0,Constituent Flow,kg/m3,Carlsbad,Baseline
636,ammonia_addition,Outlet Constituent,0.0,Constituent Flow,kg/m3,Carlsbad,Baseline
637,ammonia_addition,Waste Constituent,0.0,Constituent Flow,kg/m3,Carlsbad,Baseline
638,ammonia_addition,Inlet Constituent Total Mass,0.0,Constituent Flow,kg,Carlsbad,Baseline
639,ammonia_addition,Outlet Constituent Total Mass,0.0,Constituent Flow,kg,Carlsbad,Baseline
640,ammonia_addition,Waste Constituent Total Mass,0.0,Constituent Flow,kg,Carlsbad,Baseline
641,ammonia_addition,Inlet Constituent,0.0,Constituent Flow,kg/m3,Carlsbad,Baseline
642,ammonia_addition,Outlet Constituent,0.0,Constituent Flow,kg/m3,Carlsbad,Baseline
643,ammonia_addition,Waste Constituent,0.0,Constituent Flow,kg/m3,Carlsbad,Baseline
644,ammonia_addition,Inlet Constituent Total Mass,0.0,Constituent Flow,kg,Carlsbad,Baseline
645,ammonia_addition,Outlet Constituent Total Mass,0.0,Constituent Flow,kg,Carlsbad,Baseline
646,ammonia_addition,Waste Constituent Total Mass,0.0,Constituent Flow,kg,Carlsbad,Baseline
647,ammonia_addition,Inlet Constituent,0.0,Constituent Flow,kg/m3,Carlsbad,Baseline
648,ammonia_addition,Outlet Constituent,0.0,Constituent Flow,kg/m3,Carlsbad,Baseline
649,ammonia_addition,Waste Constituent,0.0,Constituent Flow,kg/m3,Carlsbad,Baseline
650,ammonia_addition,Inlet Constituent Total Mass,0.0,Constituent Flow,kg,Carlsbad,Baseline
651,ammonia_addition,Outlet Constituent Total Mass,0.0,Constituent Flow,kg,Carlsbad,Baseline
652,ammonia_addition,Waste Constituent Total Mass,0.0,Constituent Flow,kg,Carlsbad,Baseline
653,ammonia_addition,Inlet Constituent,0.0,Constituent Flow,kg/m3,Carlsbad,Baseline
654,ammonia_addition,Outlet Constituent,0.0,Constituent Flow,kg/m3,Carlsbad,Baseline
655,ammonia_addition,Waste Constituent,0.0,Constituent Flow,kg/m3,Carlsbad,Baseline
656,ammonia_addition,Inlet Constituent Total Mass,0.0,Constituent Flow,kg,Carlsbad,Baseline
657,ammonia_addition,Outlet Constituent Total Mass,0.0,Constituent Flow,kg,Carlsbad,Baseline
658,ammonia_addition,Waste Constituent Total Mass,0.0,Constituent Flow,kg,Carlsbad,Baseline
659,ammonia_addition,Inlet Constituent,0.0,Constituent Flow,kg/m3,Carlsbad,Baseline
660,ammonia_addition,Outlet Constituent,0.0,Constituent Flow,kg/m3,Carlsbad,Baseline
661,ammonia_addition,Waste Constituent,0.0,Constituent Flow,kg/m3,Carlsbad,Baseline
662,ammonia_addition,Inlet Constituent Total Mass,0.0,Constituent Flow,kg,Carlsbad,Baseline
663,ammonia_addition,Outlet Constituent Total Mass,0.0,Constituent Flow,kg,Carlsbad,Baseline
664,ammonia_addition,Waste Constituent Total Mass,0.0,Constituent Flow,kg,Carlsbad,Baseline
665,ammonia_addition,Inlet Constituent,0.0,Constituent Flow,kg/m3,Carlsbad,Baseline
666,ammonia_addition,Outlet Constituent,0.0,Constituent Flow,kg/m3,Carlsbad,Baseline
667,ammonia_addition,Waste Constituent,0.0,Constituent Flow,kg/m3,Carlsbad,Baseline
668,ammonia_addition,Inlet Constituent Total Mass,0.0,Constituent Flow,kg,Carlsbad,Baseline
669,ammonia_addition,Outlet Constituent Total Mass,0.0,Constituent Flow,kg,Carlsbad,Baseline
670,ammonia_addition,Waste Constituent Total Mass,0.0,Constituent Flow,kg,Carlsbad,Baseline
671,treated_storage_24_hr,Fixed Capital Investment (FCI),12.153,Cost,$MM,Carlsbad,Baseline
672,treated_storage_24_hr,Land,0.018,Cost,$MM,Carlsbad,Baseline
673,treated_storage_24_hr,Working Capital,0.608,Cost,$MM,Carlsbad,Baseline
674,treated_storage_24_hr,Total Capital Investment (TCI),12.778,Cost,$MM,Carlsbad,Baseline
675,treated_storage_24_hr,Catalysts and Chemicals,0.0,Cost,$MM/yr,Carlsbad,Baseline
676,treated_storage_24_hr,Electricity,0.0,Cost,$MM/yr,Carlsbad,Baseline
677,treated_storage_24_hr,Other Operating,0.0,Cost,$MM/yr,Carlsbad,Baseline
678,treated_storage_24_hr,Employee Salaries,0.012,Cost,$MM/yr,Carlsbad,Baseline
679,treated_storage_24_hr,Benefits,0.011,Cost,$MM/yr,Carlsbad,Baseline
680,treated_storage_24_hr,Maintenance,0.049,Cost,$MM/yr,Carlsbad,Baseline
681,treated_storage_24_hr,Laboratory,0.036,Cost,$MM/yr,Carlsbad,Baseline
682,treated_storage_24_hr,Insurance and Taxes,0.024,Cost,$MM/yr,Carlsbad,Baseline
683,treated_storage_24_hr,Total Fixed Operating ,0.133,Cost,$MM/yr,Carlsbad,Baseline
684,treated_storage_24_hr,Base Employee Salary,0.01,Cost,$MM/yr,Carlsbad,Baseline
685,treated_storage_24_hr,Electricity consumption,0.0,Electricity,kWh/m3,Carlsbad,Baseline
686,treated_storage_24_hr,Total Unit Cost,12.911,Cost,$MM,Carlsbad,Baseline
687,treated_storage_24_hr,Inlet Water,2.399,Water Flow,m3/s,Carlsbad,Baseline
688,treated_storage_24_hr,Outlet Water,2.399,Water Flow,m3/s,Carlsbad,Baseline
689,treated_storage_24_hr,Waste Water,0.0,Water Flow,m3/s,Carlsbad,Baseline
690,treated_storage_24_hr,Inlet Constituent,0.535,Constituent Flow,kg/m3,Carlsbad,Baseline
691,treated_storage_24_hr,Outlet Constituent,0.535,Constituent Flow,kg/m3,Carlsbad,Baseline
692,treated_storage_24_hr,Waste Constituent,-0.0,Constituent Flow,kg/m3,Carlsbad,Baseline
693,treated_storage_24_hr,Inlet Constituent Total Mass,1.283,Constituent Flow,kg,Carlsbad,Baseline
694,treated_storage_24_hr,Outlet Constituent Total Mass,1.283,Constituent Flow,kg,Carlsbad,Baseline
695,treated_storage_24_hr,Waste Constituent Total Mass,-0.0,Constituent Flow,kg,Carlsbad,Baseline
696,treated_storage_24_hr,Inlet Constituent,0.0,Constituent Flow,kg/m3,Carlsbad,Baseline
697,treated_storage_24_hr,Outlet Constituent,0.0,Constituent Flow,kg/m3,Carlsbad,Baseline
698,treated_storage_24_hr,Waste Constituent,0.0,Constituent Flow,kg/m3,Carlsbad,Baseline
699,treated_storage_24_hr,Inlet Constituent Total Mass,0.0,Constituent Flow,kg,Carlsbad,Baseline
700,treated_storage_24_hr,Outlet Constituent Total Mass,0.0,Constituent Flow,kg,Carlsbad,Baseline
701,treated_storage_24_hr,Waste Constituent Total Mass,0.0,Constituent Flow,kg,Carlsbad,Baseline
702,treated_storage_24_hr,Inlet Constituent,0.0,Constituent Flow,kg/m3,Carlsbad,Baseline
703,treated_storage_24_hr,Outlet Constituent,0.0,Constituent Flow,kg/m3,Carlsbad,Baseline
704,treated_storage_24_hr,Waste Constituent,0.0,Constituent Flow,kg/m3,Carlsbad,Baseline
705,treated_storage_24_hr,Inlet Constituent Total Mass,0.0,Constituent Flow,kg,Carlsbad,Baseline
706,treated_storage_24_hr,Outlet Constituent Total Mass,0.0,Constituent Flow,kg,Carlsbad,Baseline
707,treated_storage_24_hr,Waste Constituent Total Mass,0.0,Constituent Flow,kg,Carlsbad,Baseline
708,treated_storage_24_hr,Inlet Constituent,0.0,Constituent Flow,kg/m3,Carlsbad,Baseline
709,treated_storage_24_hr,Outlet Constituent,0.0,Constituent Flow,kg/m3,Carlsbad,Baseline
710,treated_storage_24_hr,Waste Constituent,0.0,Constituent Flow,kg/m3,Carlsbad,Baseline
711,treated_storage_24_hr,Inlet Constituent Total Mass,0.0,Constituent Flow,kg,Carlsbad,Baseline
712,treated_storage_24_hr,Outlet Constituent Total Mass,0.0,Constituent Flow,kg,Carlsbad,Baseline
713,treated_storage_24_hr,Waste Constituent Total Mass,0.0,Constituent Flow,kg,Carlsbad,Baseline
714,treated_storage_24_hr,Inlet Constituent,0.0,Constituent Flow,kg/m3,Carlsbad,Baseline
715,treated_storage_24_hr,Outlet Constituent,0.0,Constituent Flow,kg/m3,Carlsbad,Baseline
716,treated_storage_24_hr,Waste Constituent,0.0,Constituent Flow,kg/m3,Carlsbad,Baseline
717,treated_storage_24_hr,Inlet Constituent Total Mass,0.0,Constituent Flow,kg,Carlsbad,Baseline
718,treated_storage_24_hr,Outlet Constituent Total Mass,0.0,Constituent Flow,kg,Carlsbad,Baseline
719,treated_storage_24_hr,Waste Constituent Total Mass,0.0,Constituent Flow,kg,Carlsbad,Baseline
720,treated_storage_24_hr,Inlet Constituent,0.0,Constituent Flow,kg/m3,Carlsbad,Baseline
721,treated_storage_24_hr,Outlet Constituent,0.0,Constituent Flow,kg/m3,Carlsbad,Baseline
722,treated_storage_24_hr,Waste Constituent,0.0,Constituent Flow,kg/m3,Carlsbad,Baseline
723,treated_storage_24_hr,Inlet Constituent Total Mass,0.0,Constituent Flow,kg,Carlsbad,Baseline
724,treated_storage_24_hr,Outlet Constituent Total Mass,0.0,Constituent Flow,kg,Carlsbad,Baseline
725,treated_storage_24_hr,Waste Constituent Total Mass,0.0,Constituent Flow,kg,Carlsbad,Baseline
726,treated_storage_24_hr,Inlet Constituent,0.0,Constituent Flow,kg/m3,Carlsbad,Baseline
727,treated_storage_24_hr,Outlet Constituent,0.0,Constituent Flow,kg/m3,Carlsbad,Baseline
728,treated_storage_24_hr,Waste Constituent,0.0,Constituent Flow,kg/m3,Carlsbad,Baseline
729,treated_storage_24_hr,Inlet Constituent Total Mass,0.0,Constituent Flow,kg,Carlsbad,Baseline
730,treated_storage_24_hr,Outlet Constituent Total Mass,0.0,Constituent Flow,kg,Carlsbad,Baseline
731,treated_storage_24_hr,Waste Constituent Total Mass,0.0,Constituent Flow,kg,Carlsbad,Baseline
732,municipal_drinking,Fixed Capital Investment (FCI),4.383,Cost,$MM,Carlsbad,Baseline
733,municipal_drinking,Land,0.007,Cost,$MM,Carlsbad,Baseline
734,municipal_drinking,Working Capital,0.219,Cost,$MM,Carlsbad,Baseline
735,municipal_drinking,Total Capital Investment (TCI),4.609,Cost,$MM,Carlsbad,Baseline
736,municipal_drinking,Catalysts and Chemicals,0.0,Cost,$MM/yr,Carlsbad,Baseline
737,municipal_drinking,Electricity,3.117,Cost,$MM/yr,Carlsbad,Baseline
738,municipal_drinking,Other Operating,0.0,Cost,$MM/yr,Carlsbad,Baseline
739,municipal_drinking,Employee Salaries,0.004,Cost,$MM/yr,Carlsbad,Baseline
740,municipal_drinking,Benefits,0.004,Cost,$MM/yr,Carlsbad,Baseline
741,municipal_drinking,Maintenance,0.035,Cost,$MM/yr,Carlsbad,Baseline
742,municipal_drinking,Laboratory,0.013,Cost,$MM/yr,Carlsbad,Baseline
743,municipal_drinking,Insurance and Taxes,0.009,Cost,$MM/yr,Carlsbad,Baseline
744,municipal_drinking,Total Fixed Operating ,0.065,Cost,$MM/yr,Carlsbad,Baseline
745,municipal_drinking,Base Employee Salary,0.004,Cost,$MM/yr,Carlsbad,Baseline
746,municipal_drinking,Electricity consumption,0.307,Electricity,kWh/m3,Carlsbad,Baseline
747,municipal_drinking,Total Unit Cost,7.791,Cost,$MM,Carlsbad,Baseline
748,municipal_drinking,Inlet Water,2.399,Water Flow,m3/s,Carlsbad,Baseline
749,municipal_drinking,Outlet Water,2.399,Water Flow,m3/s,Carlsbad,Baseline
750,municipal_drinking,Waste Water,0.0,Water Flow,m3/s,Carlsbad,Baseline
751,municipal_drinking,Inlet Constituent,0.535,Constituent Flow,kg/m3,Carlsbad,Baseline
752,municipal_drinking,Outlet Constituent,0.535,Constituent Flow,kg/m3,Carlsbad,Baseline
753,municipal_drinking,Waste Constituent,0.0,Constituent Flow,kg/m3,Carlsbad,Baseline
754,municipal_drinking,Inlet Constituent Total Mass,1.283,Constituent Flow,kg,Carlsbad,Baseline
755,municipal_drinking,Outlet Constituent Total Mass,1.283,Constituent Flow,kg,Carlsbad,Baseline
756,municipal_drinking,Waste Constituent Total Mass,0.0,Constituent Flow,kg,Carlsbad,Baseline
757,municipal_drinking,Inlet Constituent,0.0,Constituent Flow,kg/m3,Carlsbad,Baseline
758,municipal_drinking,Outlet Constituent,0.0,Constituent Flow,kg/m3,Carlsbad,Baseline
759,municipal_drinking,Waste Constituent,0.0,Constituent Flow,kg/m3,Carlsbad,Baseline
760,municipal_drinking,Inlet Constituent Total Mass,0.0,Constituent Flow,kg,Carlsbad,Baseline
761,municipal_drinking,Outlet Constituent Total Mass,0.0,Constituent Flow,kg,Carlsbad,Baseline
762,municipal_drinking,Waste Constituent Total Mass,0.0,Constituent Flow,kg,Carlsbad,Baseline
763,municipal_drinking,Inlet Constituent,0.0,Constituent Flow,kg/m3,Carlsbad,Baseline
764,municipal_drinking,Outlet Constituent,0.0,Constituent Flow,kg/m3,Carlsbad,Baseline
765,municipal_drinking,Waste Constituent,0.0,Constituent Flow,kg/m3,Carlsbad,Baseline
766,municipal_drinking,Inlet Constituent Total Mass,0.0,Constituent Flow,kg,Carlsbad,Baseline
767,municipal_drinking,Outlet Constituent Total Mass,0.0,Constituent Flow,kg,Carlsbad,Baseline
768,municipal_drinking,Waste Constituent Total Mass,0.0,Constituent Flow,kg,Carlsbad,Baseline
769,municipal_drinking,Inlet Constituent,0.0,Constituent Flow,kg/m3,Carlsbad,Baseline
770,municipal_drinking,Outlet Constituent,0.0,Constituent Flow,kg/m3,Carlsbad,Baseline
771,municipal_drinking,Waste Constituent,0.0,Constituent Flow,kg/m3,Carlsbad,Baseline
772,municipal_drinking,Inlet Constituent Total Mass,0.0,Constituent Flow,kg,Carlsbad,Baseline
773,municipal_drinking,Outlet Constituent Total Mass,0.0,Constituent Flow,kg,Carlsbad,Baseline
774,municipal_drinking,Waste Constituent Total Mass,0.0,Constituent Flow,kg,Carlsbad,Baseline
775,municipal_drinking,Inlet Constituent,0.0,Constituent Flow,kg/m3,Carlsbad,Baseline
776,municipal_drinking,Outlet Constituent,0.0,Constituent Flow,kg/m3,Carlsbad,Baseline
777,municipal_drinking,Waste Constituent,0.0,Constituent Flow,kg/m3,Carlsbad,Baseline
778,municipal_drinking,Inlet Constituent Total Mass,0.0,Constituent Flow,kg,Carlsbad,Baseline
779,municipal_drinking,Outlet Constituent Total Mass,0.0,Constituent Flow,kg,Carlsbad,Baseline
780,municipal_drinking,Waste Constituent Total Mass,0.0,Constituent Flow,kg,Carlsbad,Baseline
781,municipal_drinking,Inlet Constituent,0.0,Constituent Flow,kg/m3,Carlsbad,Baseline
782,municipal_drinking,Outlet Constituent,0.0,Constituent Flow,kg/m3,Carlsbad,Baseline
783,municipal_drinking,Waste Constituent,0.0,Constituent Flow,kg/m3,Carlsbad,Baseline
784,municipal_drinking,Inlet Constituent Total Mass,0.0,Constituent Flow,kg,Carlsbad,Baseline
785,municipal_drinking,Outlet Constituent Total Mass,0.0,Constituent Flow,kg,Carlsbad,Baseline
786,municipal_drinking,Waste Constituent Total Mass,0.0,Constituent Flow,kg,Carlsbad,Baseline
787,municipal_drinking,Inlet Constituent,0.0,Constituent Flow,kg/m3,Carlsbad,Baseline
788,municipal_drinking,Outlet Constituent,0.0,Constituent Flow,kg/m3,Carlsbad,Baseline
789,municipal_drinking,Waste Constituent,0.0,Constituent Flow,kg/m3,Carlsbad,Baseline
790,municipal_drinking,Inlet Constituent Total Mass,0.0,Constituent Flow,kg,Carlsbad,Baseline
791,municipal_drinking,Outlet Constituent Total Mass,0.0,Constituent Flow,kg,Carlsbad,Baseline
792,municipal_drinking,Waste Constituent Total Mass,0.0,Constituent Flow,kg,Carlsbad,Baseline
793,backwash_solids_handling,Fixed Capital Investment (FCI),14.723,Cost,$MM,Carlsbad,Baseline
794,backwash_solids_handling,Land,0.022,Cost,$MM,Carlsbad,Baseline
795,backwash_solids_handling,Working Capital,0.736,Cost,$MM,Carlsbad,Baseline
796,backwash_solids_handling,Total Capital Investment (TCI),15.482,Cost,$MM,Carlsbad,Baseline
797,backwash_solids_handling,Catalysts and Chemicals,0.0,Cost,$MM/yr,Carlsbad,Baseline
798,backwash_solids_handling,Electricity,0.245,Cost,$MM/yr,Carlsbad,Baseline
799,backwash_solids_handling,Other Operating,0.0,Cost,$MM/yr,Carlsbad,Baseline
800,backwash_solids_handling,Employee Salaries,0.016,Cost,$MM/yr,Carlsbad,Baseline
801,backwash_solids_handling,Benefits,0.014,Cost,$MM/yr,Carlsbad,Baseline
802,backwash_solids_handling,Maintenance,0.118,Cost,$MM/yr,Carlsbad,Baseline
803,backwash_solids_handling,Laboratory,0.044,Cost,$MM/yr,Carlsbad,Baseline
804,backwash_solids_handling,Insurance and Taxes,0.029,Cost,$MM/yr,Carlsbad,Baseline
805,backwash_solids_handling,Total Fixed Operating ,0.221,Cost,$MM/yr,Carlsbad,Baseline
806,backwash_solids_handling,Base Employee Salary,0.012,Cost,$MM/yr,Carlsbad,Baseline
807,backwash_solids_handling,Electricity consumption,0.0,Electricity,kWh/m3,Carlsbad,Baseline
808,backwash_solids_handling,Total Unit Cost,15.948,Cost,$MM,Carlsbad,Baseline
809,backwash_solids_handling,Inlet Water,0.506,Water Flow,m3/s,Carlsbad,Baseline
810,backwash_solids_handling,Outlet Water,0.481,Water Flow,m3/s,Carlsbad,Baseline
811,backwash_solids_handling,Waste Water,0.025,Water Flow,m3/s,Carlsbad,Baseline
812,backwash_solids_handling,Inlet Constituent,-0.0,Constituent Flow,kg/m3,Carlsbad,Baseline
813,backwash_solids_handling,Outlet Constituent,-0.0,Constituent Flow,kg/m3,Carlsbad,Baseline
814,backwash_solids_handling,Waste Constituent,-0.0,Constituent Flow,kg/m3,Carlsbad,Baseline
815,backwash_solids_handling,Inlet Constituent Total Mass,-0.0,Constituent Flow,kg,Carlsbad,Baseline
816,backwash_solids_handling,Outlet Constituent Total Mass,-0.0,Constituent Flow,kg,Carlsbad,Baseline
817,backwash_solids_handling,Waste Constituent Total Mass,-0.0,Constituent Flow,kg,Carlsbad,Baseline
818,backwash_solids_handling,Inlet Constituent,-0.0,Constituent Flow,kg/m3,Carlsbad,Baseline
819,backwash_solids_handling,Outlet Constituent,0.0,Constituent Flow,kg/m3,Carlsbad,Baseline
820,backwash_solids_handling,Waste Constituent,-0.0,Constituent Flow,kg/m3,Carlsbad,Baseline
821,backwash_solids_handling,Inlet Constituent Total Mass,-0.0,Constituent Flow,kg,Carlsbad,Baseline
822,backwash_solids_handling,Outlet Constituent Total Mass,0.0,Constituent Flow,kg,Carlsbad,Baseline
823,backwash_solids_handling,Waste Constituent Total Mass,-0.0,Constituent Flow,kg,Carlsbad,Baseline
824,backwash_solids_handling,Inlet Constituent,-0.0,Constituent Flow,kg/m3,Carlsbad,Baseline
825,backwash_solids_handling,Outlet Constituent,0.0,Constituent Flow,kg/m3,Carlsbad,Baseline
826,backwash_solids_handling,Waste Constituent,-0.0,Constituent Flow,kg/m3,Carlsbad,Baseline
827,backwash_solids_handling,Inlet Constituent Total Mass,-0.0,Constituent Flow,kg,Carlsbad,Baseline
828,backwash_solids_handling,Outlet Constituent Total Mass,0.0,Constituent Flow,kg,Carlsbad,Baseline
829,backwash_solids_handling,Waste Constituent Total Mass,-0.0,Constituent Flow,kg,Carlsbad,Baseline
830,backwash_solids_handling,Inlet Constituent,-0.0,Constituent Flow,kg/m3,Carlsbad,Baseline
831,backwash_solids_handling,Outlet Constituent,0.0,Constituent Flow,kg/m3,Carlsbad,Baseline
832,backwash_solids_handling,Waste Constituent,-0.0,Constituent Flow,kg/m3,Carlsbad,Baseline
833,backwash_solids_handling,Inlet Constituent Total Mass,-0.0,Constituent Flow,kg,Carlsbad,Baseline
834,backwash_solids_handling,Outlet Constituent Total Mass,0.0,Constituent Flow,kg,Carlsbad,Baseline
835,backwash_solids_handling,Waste Constituent Total Mass,-0.0,Constituent Flow,kg,Carlsbad,Baseline
836,backwash_solids_handling,Inlet Constituent,-0.0,Constituent Flow,kg/m3,Carlsbad,Baseline
837,backwash_solids_handling,Outlet Constituent,0.0,Constituent Flow,kg/m3,Carlsbad,Baseline
838,backwash_solids_handling,Waste Constituent,-0.0,Constituent Flow,kg/m3,Carlsbad,Baseline
839,backwash_solids_handling,Inlet Constituent Total Mass,-0.0,Constituent Flow,kg,Carlsbad,Baseline
840,backwash_solids_handling,Outlet Constituent Total Mass,0.0,Constituent Flow,kg,Carlsbad,Baseline
841,backwash_solids_handling,Waste Constituent Total Mass,-0.0,Constituent Flow,kg,Carlsbad,Baseline
842,backwash_solids_handling,Inlet Constituent,-0.0,Constituent Flow,kg/m3,Carlsbad,Baseline
843,backwash_solids_handling,Outlet Constituent,0.0,Constituent Flow,kg/m3,Carlsbad,Baseline
844,backwash_solids_handling,Waste Constituent,-0.0,Constituent Flow,kg/m3,Carlsbad,Baseline
845,backwash_solids_handling,Inlet Constituent Total Mass,-0.0,Constituent Flow,kg,Carlsbad,Baseline
846,backwash_solids_handling,Outlet Constituent Total Mass,0.0,Constituent Flow,kg,Carlsbad,Baseline
847,backwash_solids_handling,Waste Constituent Total Mass,-0.0,Constituent Flow,kg,Carlsbad,Baseline
848,backwash_solids_handling,Inlet Constituent,-0.0,Constituent Flow,kg/m3,Carlsbad,Baseline
849,backwash_solids_handling,Outlet Constituent,0.0,Constituent Flow,kg/m3,Carlsbad,Baseline
850,backwash_solids_handling,Waste Constituent,-0.0,Constituent Flow,kg/m3,Carlsbad,Baseline
851,backwash_solids_handling,Inlet Constituent Total Mass,-0.0,Constituent Flow,kg,Carlsbad,Baseline
852,backwash_solids_handling,Outlet Constituent Total Mass,0.0,Constituent Flow,kg,Carlsbad,Baseline
853,backwash_solids_handling,Waste Constituent Total Mass,-0.0,Constituent Flow,kg,Carlsbad,Baseline
854,surface_discharge,Fixed Capital Investment (FCI),28.429,Cost,$MM,Carlsbad,Baseline
855,surface_discharge,Land,0.043,Cost,$MM,Carlsbad,Baseline
856,surface_discharge,Working Capital,1.421,Cost,$MM,Carlsbad,Baseline
857,surface_discharge,Total Capital Investment (TCI),29.893,Cost,$MM,Carlsbad,Baseline
858,surface_discharge,Catalysts and Chemicals,0.0,Cost,$MM/yr,Carlsbad,Baseline
859,surface_discharge,Electricity,0.987,Cost,$MM/yr,Carlsbad,Baseline
860,surface_discharge,Other Operating,0.0,Cost,$MM/yr,Carlsbad,Baseline
861,surface_discharge,Employee Salaries,0.028,Cost,$MM/yr,Carlsbad,Baseline
862,surface_discharge,Benefits,0.026,Cost,$MM/yr,Carlsbad,Baseline
863,surface_discharge,Maintenance,0.227,Cost,$MM/yr,Carlsbad,Baseline
864,surface_discharge,Laboratory,0.085,Cost,$MM/yr,Carlsbad,Baseline
865,surface_discharge,Insurance and Taxes,0.057,Cost,$MM/yr,Carlsbad,Baseline
866,surface_discharge,Total Fixed Operating ,0.424,Cost,$MM/yr,Carlsbad,Baseline
867,surface_discharge,Base Employee Salary,0.028,Cost,$MM/yr,Carlsbad,Baseline
868,surface_discharge,Electricity consumption,0.102,Electricity,kWh/m3,Carlsbad,Baseline
869,surface_discharge,Total Unit Cost,31.303,Cost,$MM,Carlsbad,Baseline
870,surface_discharge,Inlet Water,2.159,Water Flow,m3/s,Carlsbad,Baseline
871,surface_discharge,Outlet Water,2.159,Water Flow,m3/s,Carlsbad,Baseline
872,surface_discharge,Waste Water,0.0,Water Flow,m3/s,Carlsbad,Baseline
873,surface_discharge,Inlet Constituent,73.721,Constituent Flow,kg/m3,Carlsbad,Baseline
874,surface_discharge,Outlet Constituent,73.722,Constituent Flow,kg/m3,Carlsbad,Baseline
875,surface_discharge,Waste Constituent,-0.0,Constituent Flow,kg/m3,Carlsbad,Baseline
876,surface_discharge,Inlet Constituent Total Mass,159.132,Constituent Flow,kg,Carlsbad,Baseline
877,surface_discharge,Outlet Constituent Total Mass,159.132,Constituent Flow,kg,Carlsbad,Baseline
878,surface_discharge,Waste Constituent Total Mass,-0.0,Constituent Flow,kg,Carlsbad,Baseline
879,surface_discharge,Inlet Constituent,-0.0,Constituent Flow,kg/m3,Carlsbad,Baseline
880,surface_discharge,Outlet Constituent,-0.0,Constituent Flow,kg/m3,Carlsbad,Baseline
881,surface_discharge,Waste Constituent,-0.0,Constituent Flow,kg/m3,Carlsbad,Baseline
882,surface_discharge,Inlet Constituent Total Mass,-0.0,Constituent Flow,kg,Carlsbad,Baseline
883,surface_discharge,Outlet Constituent Total Mass,-0.0,Constituent Flow,kg,Carlsbad,Baseline
884,surface_discharge,Waste Constituent Total Mass,-0.0,Constituent Flow,kg,Carlsbad,Baseline
885,surface_discharge,Inlet Constituent,-0.0,Constituent Flow,kg/m3,Carlsbad,Baseline
886,surface_discharge,Outlet Constituent,-0.0,Constituent Flow,kg/m3,Carlsbad,Baseline
887,surface_discharge,Waste Constituent,-0.0,Constituent Flow,kg/m3,Carlsbad,Baseline
888,surface_discharge,Inlet Constituent Total Mass,-0.0,Constituent Flow,kg,Carlsbad,Baseline
889,surface_discharge,Outlet Constituent Total Mass,-0.0,Constituent Flow,kg,Carlsbad,Baseline
890,surface_discharge,Waste Constituent Total Mass,-0.0,Constituent Flow,kg,Carlsbad,Baseline
891,surface_discharge,Inlet Constituent,-0.0,Constituent Flow,kg/m3,Carlsbad,Baseline
892,surface_discharge,Outlet Constituent,-0.0,Constituent Flow,kg/m3,Carlsbad,Baseline
893,surface_discharge,Waste Constituent,-0.0,Constituent Flow,kg/m3,Carlsbad,Baseline
894,surface_discharge,Inlet Constituent Total Mass,-0.0,Constituent Flow,kg,Carlsbad,Baseline
895,surface_discharge,Outlet Constituent Total Mass,-0.0,Constituent Flow,kg,Carlsbad,Baseline
896,surface_discharge,Waste Constituent Total Mass,-0.0,Constituent Flow,kg,Carlsbad,Baseline
897,surface_discharge,Inlet Constituent,-0.0,Constituent Flow,kg/m3,Carlsbad,Baseline
898,surface_discharge,Outlet Constituent,-0.0,Constituent Flow,kg/m3,Carlsbad,Baseline
899,surface_discharge,Waste Constituent,-0.0,Constituent Flow,kg/m3,Carlsbad,Baseline
900,surface_discharge,Inlet Constituent Total Mass,-0.0,Constituent Flow,kg,Carlsbad,Baseline
901,surface_discharge,Outlet Constituent Total Mass,-0.0,Constituent Flow,kg,Carlsbad,Baseline
902,surface_discharge,Waste Constituent Total Mass,-0.0,Constituent Flow,kg,Carlsbad,Baseline
903,surface_discharge,Inlet Constituent,-0.0,Constituent Flow,kg/m3,Carlsbad,Baseline
904,surface_discharge,Outlet Constituent,-0.0,Constituent Flow,kg/m3,Carlsbad,Baseline
905,surface_discharge,Waste Constituent,-0.0,Constituent Flow,kg/m3,Carlsbad,Baseline
906,surface_discharge,Inlet Constituent Total Mass,-0.0,Constituent Flow,kg,Carlsbad,Baseline
907,surface_discharge,Outlet Constituent Total Mass,-0.0,Constituent Flow,kg,Carlsbad,Baseline
908,surface_discharge,Waste Constituent Total Mass,-0.0,Constituent Flow,kg,Carlsbad,Baseline
909,surface_discharge,Inlet Constituent,-0.0,Constituent Flow,kg/m3,Carlsbad,Baseline
910,surface_discharge,Outlet Constituent,-0.0,Constituent Flow,kg/m3,Carlsbad,Baseline
911,surface_discharge,Waste Constituent,-0.0,Constituent Flow,kg/m3,Carlsbad,Baseline
912,surface_discharge,Inlet Constituent Total Mass,-0.0,Constituent Flow,kg,Carlsbad,Baseline
913,surface_discharge,Outlet Constituent Total Mass,-0.0,Constituent Flow,kg,Carlsbad,Baseline
914,surface_discharge,Waste Constituent Total Mass,-0.0,Constituent Flow,kg,Carlsbad,Baseline
915,landfill,Fixed Capital Investment (FCI),0.007,Cost,$MM,Carlsbad,Baseline
916,landfill,Land,0.0,Cost,$MM,Carlsbad,Baseline
917,landfill,Working Capital,0.0,Cost,$MM,Carlsbad,Baseline
918,landfill,Total Capital Investment (TCI),0.008,Cost,$MM,Carlsbad,Baseline
919,landfill,Catalysts and Chemicals,0.0,Cost,$MM/yr,Carlsbad,Baseline
920,landfill,Electricity,0.0,Cost,$MM/yr,Carlsbad,Baseline
921,landfill,Other Operating,0.0,Cost,$MM/yr,Carlsbad,Baseline
922,landfill,Employee Salaries,0.0,Cost,$MM/yr,Carlsbad,Baseline
923,landfill,Benefits,0.0,Cost,$MM/yr,Carlsbad,Baseline
924,landfill,Maintenance,0.0,Cost,$MM/yr,Carlsbad,Baseline
925,landfill,Laboratory,0.0,Cost,$MM/yr,Carlsbad,Baseline
926,landfill,Insurance and Taxes,0.0,Cost,$MM/yr,Carlsbad,Baseline
927,landfill,Total Fixed Operating ,0.0,Cost,$MM/yr,Carlsbad,Baseline
928,landfill,Base Employee Salary,0.0,Cost,$MM/yr,Carlsbad,Baseline
929,landfill,Electricity consumption,0.0,Electricity,kWh/m3,Carlsbad,Baseline
930,landfill,Total Unit Cost,0.008,Cost,$MM,Carlsbad,Baseline
931,landfill,Inlet Water,0.025,Water Flow,m3/s,Carlsbad,Baseline
932,landfill,Outlet Water,0.025,Water Flow,m3/s,Carlsbad,Baseline
933,landfill,Waste Water,0.0,Water Flow,m3/s,Carlsbad,Baseline
934,landfill,Inlet Constituent,-0.0,Constituent Flow,kg/m3,Carlsbad,Baseline
935,landfill,Outlet Constituent,-0.0,Constituent Flow,kg/m3,Carlsbad,Baseline
936,landfill,Waste Constituent,0.0,Constituent Flow,kg/m3,Carlsbad,Baseline
937,landfill,Inlet Constituent Total Mass,-0.0,Constituent Flow,kg,Carlsbad,Baseline
938,landfill,Outlet Constituent Total Mass,-0.0,Constituent Flow,kg,Carlsbad,Baseline
939,landfill,Waste Constituent Total Mass,0.0,Constituent Flow,kg,Carlsbad,Baseline
940,landfill,Inlet Constituent,-0.0,Constituent Flow,kg/m3,Carlsbad,Baseline
941,landfill,Outlet Constituent,0.0,Constituent Flow,kg/m3,Carlsbad,Baseline
942,landfill,Waste Constituent,0.0,Constituent Flow,kg/m3,Carlsbad,Baseline
943,landfill,Inlet Constituent Total Mass,-0.0,Constituent Flow,kg,Carlsbad,Baseline
944,landfill,Outlet Constituent Total Mass,0.0,Constituent Flow,kg,Carlsbad,Baseline
945,landfill,Waste Constituent Total Mass,0.0,Constituent Flow,kg,Carlsbad,Baseline
946,landfill,Inlet Constituent,-0.0,Constituent Flow,kg/m3,Carlsbad,Baseline
947,landfill,Outlet Constituent,0.0,Constituent Flow,kg/m3,Carlsbad,Baseline
948,landfill,Waste Constituent,0.0,Constituent Flow,kg/m3,Carlsbad,Baseline
949,landfill,Inlet Constituent Total Mass,-0.0,Constituent Flow,kg,Carlsbad,Baseline
950,landfill,Outlet Constituent Total Mass,0.0,Constituent Flow,kg,Carlsbad,Baseline
951,landfill,Waste Constituent Total Mass,0.0,Constituent Flow,kg,Carlsbad,Baseline
952,landfill,Inlet Constituent,-0.0,Constituent Flow,kg/m3,Carlsbad,Baseline
953,landfill,Outlet Constituent,0.0,Constituent Flow,kg/m3,Carlsbad,Baseline
954,landfill,Waste Constituent,0.0,Constituent Flow,kg/m3,Carlsbad,Baseline
955,landfill,Inlet Constituent Total Mass,-0.0,Constituent Flow,kg,Carlsbad,Baseline
956,landfill,Outlet Constituent Total Mass,0.0,Constituent Flow,kg,Carlsbad,Baseline
957,landfill,Waste Constituent Total Mass,0.0,Constituent Flow,kg,Carlsbad,Baseline
958,landfill,Inlet Constituent,-0.0,Constituent Flow,kg/m3,Carlsbad,Baseline
959,landfill,Outlet Constituent,0.0,Constituent Flow,kg/m3,Carlsbad,Baseline
960,landfill,Waste Constituent,0.0,Constituent Flow,kg/m3,Carlsbad,Baseline
961,landfill,Inlet Constituent Total Mass,-0.0,Constituent Flow,kg,Carlsbad,Baseline
962,landfill,Outlet Constituent Total Mass,0.0,Constituent Flow,kg,Carlsbad,Baseline
963,landfill,Waste Constituent Total Mass,0.0,Constituent Flow,kg,Carlsbad,Baseline
964,landfill,Inlet Constituent,-0.0,Constituent Flow,kg/m3,Carlsbad,Baseline
965,landfill,Outlet Constituent,0.0,Constituent Flow,kg/m3,Carlsbad,Baseline
966,landfill,Waste Constituent,0.0,Constituent Flow,kg/m3,Carlsbad,Baseline
967,landfill,Inlet Constituent Total Mass,-0.0,Constituent Flow,kg,Carlsbad,Baseline
968,landfill,Outlet Constituent Total Mass,0.0,Constituent Flow,kg,Carlsbad,Baseline
969,landfill,Waste Constituent Total Mass,0.0,Constituent Flow,kg,Carlsbad,Baseline
970,landfill,Inlet Constituent,-0.0,Constituent Flow,kg/m3,Carlsbad,Baseline
971,landfill,Outlet Constituent,0.0,Constituent Flow,kg/m3,Carlsbad,Baseline
972,landfill,Waste Constituent,0.0,Constituent Flow,kg/m3,Carlsbad,Baseline
973,landfill,Inlet Constituent Total Mass,-0.0,Constituent Flow,kg,Carlsbad,Baseline
974,landfill,Outlet Constituent Total Mass,0.0,Constituent Flow,kg,Carlsbad,Baseline
975,landfill,Waste Constituent Total Mass,0.0,Constituent Flow,kg,Carlsbad,Baseline
976,System,Fixed Capital Investment (FCI),477.892,Cost,$MM,Carlsbad,Baseline
977,System,Catalysts and Chemicals,55.941,Cost,$MM,Carlsbad,Baseline
978,System,Electricity,892.504,Cost,$MM,Carlsbad,Baseline
979,System,Other Variable Operating,0.0,Cost,$MM,Carlsbad,Baseline
980,System,Fixed Operating,135.125,Cost,$MM,Carlsbad,Baseline
981,System,Total Operating,1218.696,Cost,$MM,Carlsbad,Baseline
982,System,Capital Investment,477.892,Cost,$MM/yr,Carlsbad,Baseline
983,System,Catalysts and Chemicals,2.797,Cost,$MM/yr,Carlsbad,Baseline
984,System,Electricity,44.625,Cost,$MM/yr,Carlsbad,Baseline
985,System,Other Variable Operating,0.0,Cost,$MM/yr,Carlsbad,Baseline
986,System,Fixed Operating,6.756,Cost,$MM/yr,Carlsbad,Baseline
987,System,Total Operating Cost,60.935,Cost,$MM/yr,Carlsbad,Baseline
988,System,Levelized Cost,1.311,Cost,$/m3,Carlsbad,Baseline
