Case Study,Scenario,Unit Process Name,Variable,Unit,Value
Carlsbad,Baseline,sw_onshore_intake,Fixed Capital Investment (FCI),$MM,20.98272227
Carlsbad,Baseline,sw_onshore_intake,Land_Cost,$MM,0.031474083
Carlsbad,Baseline,sw_onshore_intake,Working Capital,$MM,1.049136113
Carlsbad,Baseline,sw_onshore_intake,Total Capital Investment (TCI),$MM,22.06333247
Carlsbad,Baseline,sw_onshore_intake,Catalysts and Chemicals,$MM/yr,0
Carlsbad,Baseline,sw_onshore_intake,Electricity,$MM/yr,1.983294177
Carlsbad,Baseline,sw_onshore_intake,Fuel and Other Utilities,$MM/yr,0
Carlsbad,Baseline,sw_onshore_intake,Replacement Parts,$MM/yr,0
Carlsbad,Baseline,sw_onshore_intake,Other Operating Costs,$MM/yr,0
Carlsbad,Baseline,sw_onshore_intake,Total Variable Operating Costs,$MM/yr,1.983294177
Carlsbad,Baseline,sw_onshore_intake,Employee Salaries,$MM/yr,0.021004088
Carlsbad,Baseline,sw_onshore_intake,Benefits,$MM/yr,0.018903679
Carlsbad,Baseline,sw_onshore_intake,Maintenance,$MM/yr,0.167861778
Carlsbad,Baseline,sw_onshore_intake,Laboratory,$MM/yr,0.055953926
Carlsbad,Baseline,sw_onshore_intake,Insurance and Taxes,$MM/yr,0.039167748
Carlsbad,Baseline,sw_onshore_intake,Total Fixed Operating Costs,$MM/yr,0.30289122
Carlsbad,Baseline,sw_onshore_intake,Capacity_Basis_for_Fixed_Capital_Cost,,16666.66667
Carlsbad,Baseline,sw_onshore_intake,Base_Fixed_Capital_Cost,$MM,20.49320555
Carlsbad,Baseline,sw_onshore_intake,Capital_Scaling_Exponent,,0.888
Carlsbad,Baseline,sw_onshore_intake,Base_Employee_Salary_Cost,$MM/yr,0.020493206
Carlsbad,Baseline,sw_onshore_intake,Fixed_Op_Cost_Scaling_Exponent,,0.7
Carlsbad,Baseline,sw_onshore_intake,Basis_Year,,2018
Carlsbad,Baseline,sw_onshore_intake,Capital_and_Replacement_Parts,,1.033065562
Carlsbad,Baseline,sw_onshore_intake,Catalysts_and_Chemicals,,1.045314229
Carlsbad,Baseline,sw_onshore_intake,Labor_and_Other_Fixed_Costs,,1.032165415
Carlsbad,Baseline,sw_onshore_intake,Consumer_Price_Index,,1.039364215
Carlsbad,Baseline,sw_onshore_intake,Grid_Electricity,kWh/m3,0.102398663
Carlsbad,Baseline,sw_onshore_intake,Inlet Water,m3/hr,16500
Carlsbad,Baseline,sw_onshore_intake,Outlet Water,m3/hr,16500
Carlsbad,Baseline,coag_and_floc,Fixed Capital Investment (FCI),$MM,16.11069906
Carlsbad,Baseline,coag_and_floc,Land_Cost,$MM,0.024166049
Carlsbad,Baseline,coag_and_floc,Working Capital,$MM,0.805534953
Carlsbad,Baseline,coag_and_floc,Total Capital Investment (TCI),$MM,16.94040007
Carlsbad,Baseline,coag_and_floc,Catalysts and Chemicals,$MM/yr,1.114695451
Carlsbad,Baseline,coag_and_floc,Electricity,$MM/yr,0.108666163
Carlsbad,Baseline,coag_and_floc,Fuel and Other Utilities,$MM/yr,0
Carlsbad,Baseline,coag_and_floc,Replacement Parts,$MM/yr,0
Carlsbad,Baseline,coag_and_floc,Other Operating Costs,$MM/yr,0
Carlsbad,Baseline,coag_and_floc,Total Variable Operating Costs,$MM/yr,1.223361614
Carlsbad,Baseline,coag_and_floc,Employee Salaries,$MM/yr,0.011584374
Carlsbad,Baseline,coag_and_floc,Benefits,$MM/yr,0.010425936
Carlsbad,Baseline,coag_and_floc,Maintenance,$MM/yr,0.128885593
Carlsbad,Baseline,coag_and_floc,Laboratory,$MM/yr,0.042961864
Carlsbad,Baseline,coag_and_floc,Insurance and Taxes,$MM/yr,0.030073305
Carlsbad,Baseline,coag_and_floc,Total Fixed Operating Costs,$MM/yr,0.223931072
Carlsbad,Baseline,coag_and_floc,Capacity_Basis_for_Fixed_Capital_Cost,,6072.431404
Carlsbad,Baseline,coag_and_floc,Base_Fixed_Capital_Cost,$MM,5.365888438
Carlsbad,Baseline,coag_and_floc,Capital_Scaling_Exponent,,1
Carlsbad,Baseline,coag_and_floc,Base_Employee_Salary_Cost,$MM/yr,0.005365888
Carlsbad,Baseline,coag_and_floc,Fixed_Op_Cost_Scaling_Exponent,,0.7
Carlsbad,Baseline,coag_and_floc,Basis_Year,,2020
Carlsbad,Baseline,coag_and_floc,Capital_and_Replacement_Parts,,1
Carlsbad,Baseline,coag_and_floc,Catalysts_and_Chemicals,,1
Carlsbad,Baseline,coag_and_floc,Labor_and_Other_Fixed_Costs,,1
Carlsbad,Baseline,coag_and_floc,Consumer_Price_Index,,1
Carlsbad,Baseline,coag_and_floc,Grid_Electricity,kWh,0.005077502
Carlsbad,Baseline,coag_and_floc,Inlet Water,m3/hr,18232.0442
Carlsbad,Baseline,coag_and_floc,Outlet Water,m3/hr,18232.0442
Carlsbad,Baseline,tri_media_filtration,Fixed Capital Investment (FCI),$MM,13.16290412
Carlsbad,Baseline,tri_media_filtration,Land_Cost,$MM,0.019744356
Carlsbad,Baseline,tri_media_filtration,Working Capital,$MM,0.658145206
Carlsbad,Baseline,tri_media_filtration,Total Capital Investment (TCI),$MM,13.84079368
Carlsbad,Baseline,tri_media_filtration,Catalysts and Chemicals,$MM/yr,0
Carlsbad,Baseline,tri_media_filtration,Electricity,$MM/yr,4.240259181
Carlsbad,Baseline,tri_media_filtration,Fuel and Other Utilities,$MM/yr,0
Carlsbad,Baseline,tri_media_filtration,Replacement Parts,$MM/yr,1.26232091
Carlsbad,Baseline,tri_media_filtration,Other Operating Costs,$MM/yr,0
Carlsbad,Baseline,tri_media_filtration,Total Variable Operating Costs,$MM/yr,5.502580091
Carlsbad,Baseline,tri_media_filtration,Employee Salaries,$MM/yr,0.016173532
Carlsbad,Baseline,tri_media_filtration,Benefits,$MM/yr,0.014556179
Carlsbad,Baseline,tri_media_filtration,Maintenance,$MM/yr,0.105303233
Carlsbad,Baseline,tri_media_filtration,Laboratory,$MM/yr,0.035101078
Carlsbad,Baseline,tri_media_filtration,Insurance and Taxes,$MM/yr,0.024570754
Carlsbad,Baseline,tri_media_filtration,Total Fixed Operating Costs,$MM/yr,0.195704776
Carlsbad,Baseline,tri_media_filtration,Capacity_Basis_for_Fixed_Capital_Cost,,4731.764235
Carlsbad,Baseline,tri_media_filtration,Base_Fixed_Capital_Cost,$MM,5.5
Carlsbad,Baseline,tri_media_filtration,Capital_Scaling_Exponent,,0.5862
Carlsbad,Baseline,tri_media_filtration,Base_Employee_Salary_Cost,$MM/yr,0.0055
Carlsbad,Baseline,tri_media_filtration,Fixed_Op_Cost_Scaling_Exponent,,0.7
Carlsbad,Baseline,tri_media_filtration,Basis_Year,,2014
Carlsbad,Baseline,tri_media_filtration,Capital_and_Replacement_Parts,,1.085390154
Carlsbad,Baseline,tri_media_filtration,Catalysts_and_Chemicals,,1.094884618
Carlsbad,Baseline,tri_media_filtration,Labor_and_Other_Fixed_Costs,,1.143861925
Carlsbad,Baseline,tri_media_filtration,Consumer_Price_Index,,1.102458561
Carlsbad,Baseline,tri_media_filtration,Grid_Electricity,kWh,0.1981
Carlsbad,Baseline,tri_media_filtration,Inlet Water,m3/hr,18232
Carlsbad,Baseline,tri_media_filtration,Outlet Water,m3/hr,16409
Carlsbad,Baseline,sulfuric_acid_addition,Fixed Capital Investment (FCI),$MM,0.373431154
Carlsbad,Baseline,sulfuric_acid_addition,Land_Cost,$MM,0.000560147
Carlsbad,Baseline,sulfuric_acid_addition,Working Capital,$MM,0.018671558
Carlsbad,Baseline,sulfuric_acid_addition,Total Capital Investment (TCI),$MM,0.392662858
Carlsbad,Baseline,sulfuric_acid_addition,Catalysts and Chemicals,$MM/yr,0.172489724
Carlsbad,Baseline,sulfuric_acid_addition,Electricity,$MM/yr,1.11E-05
Carlsbad,Baseline,sulfuric_acid_addition,Fuel and Other Utilities,$MM/yr,0
Carlsbad,Baseline,sulfuric_acid_addition,Replacement Parts,$MM/yr,0
Carlsbad,Baseline,sulfuric_acid_addition,Other Operating Costs,$MM/yr,0
Carlsbad,Baseline,sulfuric_acid_addition,Total Variable Operating Costs,$MM/yr,0.172500797
Carlsbad,Baseline,sulfuric_acid_addition,Employee Salaries,$MM/yr,0.000410902
Carlsbad,Baseline,sulfuric_acid_addition,Benefits,$MM/yr,0.000369812
Carlsbad,Baseline,sulfuric_acid_addition,Maintenance,$MM/yr,0.002987449
Carlsbad,Baseline,sulfuric_acid_addition,Laboratory,$MM/yr,0.000995816
Carlsbad,Baseline,sulfuric_acid_addition,Insurance and Taxes,$MM/yr,0.000697071
Carlsbad,Baseline,sulfuric_acid_addition,Total Fixed Operating Costs,$MM/yr,0.00546105
Carlsbad,Baseline,sulfuric_acid_addition,Capacity_Basis_for_Fixed_Capital_Cost,,10000
Carlsbad,Baseline,sulfuric_acid_addition,Base_Fixed_Capital_Cost,$MM,0.231057593
Carlsbad,Baseline,sulfuric_acid_addition,Capital_Scaling_Exponent,,0.6179
Carlsbad,Baseline,sulfuric_acid_addition,Base_Employee_Salary_Cost,$MM/yr,0.000231058
Carlsbad,Baseline,sulfuric_acid_addition,Fixed_Op_Cost_Scaling_Exponent,,0.7
Carlsbad,Baseline,sulfuric_acid_addition,Basis_Year,,2007
Carlsbad,Baseline,sulfuric_acid_addition,Capital_and_Replacement_Parts,,1.190128031
Carlsbad,Baseline,sulfuric_acid_addition,Catalysts_and_Chemicals,,1.44979311
Carlsbad,Baseline,sulfuric_acid_addition,Labor_and_Other_Fixed_Costs,,1.257370474
Carlsbad,Baseline,sulfuric_acid_addition,Consumer_Price_Index,,1.258749457
Carlsbad,Baseline,sulfuric_acid_addition,Grid_Electricity,kWh,0
Carlsbad,Baseline,sulfuric_acid_addition,Inlet Water,m3/hr,16409
Carlsbad,Baseline,sulfuric_acid_addition,Outlet Water,m3/hr,16409
Carlsbad,Baseline,sodium_bisulfite_addition,Fixed Capital Investment (FCI),$MM,0.418717586
Carlsbad,Baseline,sodium_bisulfite_addition,Land_Cost,$MM,0.000628076
Carlsbad,Baseline,sodium_bisulfite_addition,Working Capital,$MM,0.020935879
Carlsbad,Baseline,sodium_bisulfite_addition,Total Capital Investment (TCI),$MM,0.440281542
Carlsbad,Baseline,sodium_bisulfite_addition,Catalysts and Chemicals,$MM/yr,0.517469171
Carlsbad,Baseline,sodium_bisulfite_addition,Electricity,$MM/yr,1.33E-05
Carlsbad,Baseline,sodium_bisulfite_addition,Fuel and Other Utilities,$MM/yr,0
Carlsbad,Baseline,sodium_bisulfite_addition,Replacement Parts,$MM/yr,0
Carlsbad,Baseline,sodium_bisulfite_addition,Other Operating Costs,$MM/yr,0
Carlsbad,Baseline,sodium_bisulfite_addition,Total Variable Operating Costs,$MM/yr,0.517482498
Carlsbad,Baseline,sodium_bisulfite_addition,Employee Salaries,$MM/yr,0.000460732
Carlsbad,Baseline,sodium_bisulfite_addition,Benefits,$MM/yr,0.000414659
Carlsbad,Baseline,sodium_bisulfite_addition,Maintenance,$MM/yr,0.003349741
Carlsbad,Baseline,sodium_bisulfite_addition,Laboratory,$MM/yr,0.00111658
Carlsbad,Baseline,sodium_bisulfite_addition,Insurance and Taxes,$MM/yr,0.000781606
Carlsbad,Baseline,sodium_bisulfite_addition,Total Fixed Operating Costs,$MM/yr,0.006123318
Carlsbad,Baseline,sodium_bisulfite_addition,Capacity_Basis_for_Fixed_Capital_Cost,,10000
Carlsbad,Baseline,sodium_bisulfite_addition,Base_Fixed_Capital_Cost,$MM,0.259078217
Carlsbad,Baseline,sodium_bisulfite_addition,Capital_Scaling_Exponent,,0.6179
Carlsbad,Baseline,sodium_bisulfite_addition,Base_Employee_Salary_Cost,$MM/yr,0.000259078
Carlsbad,Baseline,sodium_bisulfite_addition,Fixed_Op_Cost_Scaling_Exponent,,0.7
Carlsbad,Baseline,sodium_bisulfite_addition,Basis_Year,,2007
Carlsbad,Baseline,sodium_bisulfite_addition,Capital_and_Replacement_Parts,,1.190128031
Carlsbad,Baseline,sodium_bisulfite_addition,Catalysts_and_Chemicals,,1.44979311
Carlsbad,Baseline,sodium_bisulfite_addition,Labor_and_Other_Fixed_Costs,,1.257370474
Carlsbad,Baseline,sodium_bisulfite_addition,Consumer_Price_Index,,1.258749457
Carlsbad,Baseline,sodium_bisulfite_addition,Grid_Electricity,kWh,0
Carlsbad,Baseline,sodium_bisulfite_addition,Inlet Water,m3/hr,16409
Carlsbad,Baseline,sodium_bisulfite_addition,Outlet Water,m3/hr,16409
Carlsbad,Baseline,cartridge_filtration,Fixed Capital Investment (FCI),$MM,12.37452897
Carlsbad,Baseline,cartridge_filtration,Land_Cost,$MM,0.018561793
Carlsbad,Baseline,cartridge_filtration,Working Capital,$MM,0.618726449
Carlsbad,Baseline,cartridge_filtration,Total Capital Investment (TCI),$MM,13.01181721
Carlsbad,Baseline,cartridge_filtration,Catalysts and Chemicals,$MM/yr,0
Carlsbad,Baseline,cartridge_filtration,Electricity,$MM/yr,0
Carlsbad,Baseline,cartridge_filtration,Fuel and Other Utilities,$MM/yr,0
Carlsbad,Baseline,cartridge_filtration,Replacement Parts,$MM/yr,0.143741436
Carlsbad,Baseline,cartridge_filtration,Other Operating Costs,$MM/yr,0
Carlsbad,Baseline,cartridge_filtration,Total Variable Operating Costs,$MM/yr,0.143741436
Carlsbad,Baseline,cartridge_filtration,Employee Salaries,$MM/yr,0.015023622
Carlsbad,Baseline,cartridge_filtration,Benefits,$MM/yr,0.013521259
Carlsbad,Baseline,cartridge_filtration,Maintenance,$MM/yr,0.098996232
Carlsbad,Baseline,cartridge_filtration,Laboratory,$MM/yr,0.032998744
Carlsbad,Baseline,cartridge_filtration,Insurance and Taxes,$MM/yr,0.023099121
Carlsbad,Baseline,cartridge_filtration,Total Fixed Operating Costs,$MM/yr,0.183638978
Carlsbad,Baseline,cartridge_filtration,Capacity_Basis_for_Fixed_Capital_Cost,,4731.764235
Carlsbad,Baseline,cartridge_filtration,Base_Fixed_Capital_Cost,$MM,5.5
Carlsbad,Baseline,cartridge_filtration,Capital_Scaling_Exponent,,0.5862
Carlsbad,Baseline,cartridge_filtration,Base_Employee_Salary_Cost,$MM/yr,0.0055
Carlsbad,Baseline,cartridge_filtration,Fixed_Op_Cost_Scaling_Exponent,,0.7
Carlsbad,Baseline,cartridge_filtration,Basis_Year,,2014
Carlsbad,Baseline,cartridge_filtration,Capital_and_Replacement_Parts,,1.085390154
Carlsbad,Baseline,cartridge_filtration,Catalysts_and_Chemicals,,1.094884618
Carlsbad,Baseline,cartridge_filtration,Labor_and_Other_Fixed_Costs,,1.143861925
Carlsbad,Baseline,cartridge_filtration,Consumer_Price_Index,,1.102458561
Carlsbad,Baseline,cartridge_filtration,Grid_Electricity,kWh,0
Carlsbad,Baseline,cartridge_filtration,Inlet Water,m3/hr,16409
Carlsbad,Baseline,cartridge_filtration,Outlet Water,m3/hr,16409
Carlsbad,Baseline,ro_deep,Fixed Capital Investment (FCI),$MM,265.5470507
Carlsbad,Baseline,ro_deep,Land_Cost,$MM,0.398320576
Carlsbad,Baseline,ro_deep,Working Capital,$MM,13.27735254
Carlsbad,Baseline,ro_deep,Total Capital Investment (TCI),$MM,279.2227238
Carlsbad,Baseline,ro_deep,Catalysts and Chemicals,$MM/yr,0
Carlsbad,Baseline,ro_deep,Electricity,$MM/yr,31.73089461
Carlsbad,Baseline,ro_deep,Fuel and Other Utilities,$MM/yr,0
Carlsbad,Baseline,ro_deep,Replacement Parts,$MM/yr,2.874828729
Carlsbad,Baseline,ro_deep,Other Operating Costs,$MM/yr,0
Carlsbad,Baseline,ro_deep,Total Variable Operating Costs,$MM/yr,34.60572334
Carlsbad,Baseline,ro_deep,Employee Salaries,$MM/yr,0.276953028
Carlsbad,Baseline,ro_deep,Benefits,$MM/yr,0.249257725
Carlsbad,Baseline,ro_deep,Maintenance,$MM/yr,2.124376406
Carlsbad,Baseline,ro_deep,Laboratory,$MM/yr,0.708125469
Carlsbad,Baseline,ro_deep,Insurance and Taxes,$MM/yr,0.495687828
Carlsbad,Baseline,ro_deep,Total Fixed Operating Costs,$MM/yr,3.854400455
Carlsbad,Baseline,ro_deep,Capacity_Basis_for_Fixed_Capital_Cost,,7914.33892
Carlsbad,Baseline,ro_deep,Base_Fixed_Capital_Cost,$MM,132.2143513
Carlsbad,Baseline,ro_deep,Capital_Scaling_Exponent,,0.7177
Carlsbad,Baseline,ro_deep,Base_Employee_Salary_Cost,$MM/yr,0.132214351
Carlsbad,Baseline,ro_deep,Fixed_Op_Cost_Scaling_Exponent,,0.7
Carlsbad,Baseline,ro_deep,Basis_Year,,2007
Carlsbad,Baseline,ro_deep,Capital_and_Replacement_Parts,,1.190128031
Carlsbad,Baseline,ro_deep,Catalysts_and_Chemicals,,1.44979311
Carlsbad,Baseline,ro_deep,Labor_and_Other_Fixed_Costs,,1.257370474
Carlsbad,Baseline,ro_deep,Consumer_Price_Index,,1.258749457
Carlsbad,Baseline,ro_deep,Grid_Electricity,kWh,1.6474
Carlsbad,Baseline,ro_deep,Inlet Water,m3/hr,16409
Carlsbad,Baseline,ro_deep,Outlet Water,m3/hr,8639
Carlsbad,Baseline,lime_softening,Fixed Capital Investment (FCI),$MM,51.96081587
Carlsbad,Baseline,lime_softening,Land_Cost,$MM,0.077941224
Carlsbad,Baseline,lime_softening,Working Capital,$MM,2.598040794
Carlsbad,Baseline,lime_softening,Total Capital Investment (TCI),$MM,54.63679789
Carlsbad,Baseline,lime_softening,Catalysts and Chemicals,$MM/yr,0.78324286
Carlsbad,Baseline,lime_softening,Electricity,$MM/yr,0.101405356
Carlsbad,Baseline,lime_softening,Fuel and Other Utilities,$MM/yr,0
Carlsbad,Baseline,lime_softening,Replacement Parts,$MM/yr,0
Carlsbad,Baseline,lime_softening,Other Operating Costs,$MM/yr,0
Carlsbad,Baseline,lime_softening,Total Variable Operating Costs,$MM/yr,0.884648215
Carlsbad,Baseline,lime_softening,Employee Salaries,$MM/yr,0.049326049
Carlsbad,Baseline,lime_softening,Benefits,$MM/yr,0.044393444
Carlsbad,Baseline,lime_softening,Maintenance,$MM/yr,0.415686527
Carlsbad,Baseline,lime_softening,Laboratory,$MM/yr,0.138562176
Carlsbad,Baseline,lime_softening,Insurance and Taxes,$MM/yr,0.096993523
Carlsbad,Baseline,lime_softening,Total Fixed Operating Costs,$MM/yr,0.744961719
Carlsbad,Baseline,lime_softening,Capacity_Basis_for_Fixed_Capital_Cost,,1577.25491
Carlsbad,Baseline,lime_softening,Base_Fixed_Capital_Cost,$MM,15
Carlsbad,Baseline,lime_softening,Capital_Scaling_Exponent,,0.7306
Carlsbad,Baseline,lime_softening,Base_Employee_Salary_Cost,$MM/yr,0.015
Carlsbad,Baseline,lime_softening,Fixed_Op_Cost_Scaling_Exponent,,0.7
Carlsbad,Baseline,lime_softening,Basis_Year,,2020
Carlsbad,Baseline,lime_softening,Capital_and_Replacement_Parts,,1
Carlsbad,Baseline,lime_softening,Catalysts_and_Chemicals,,1
Carlsbad,Baseline,lime_softening,Labor_and_Other_Fixed_Costs,,1
Carlsbad,Baseline,lime_softening,Consumer_Price_Index,,1
Carlsbad,Baseline,lime_softening,Grid_Electricity,kWh,0.01
Carlsbad,Baseline,lime_softening,Inlet Water,m3/hr,8639
Carlsbad,Baseline,lime_softening,Outlet Water,m3/hr,8639
Carlsbad,Baseline,co2_addition,Fixed Capital Investment (FCI),$MM,7.767103773
Carlsbad,Baseline,co2_addition,Land_Cost,$MM,0.011650656
Carlsbad,Baseline,co2_addition,Working Capital,$MM,0.388355189
Carlsbad,Baseline,co2_addition,Total Capital Investment (TCI),$MM,8.167109618
Carlsbad,Baseline,co2_addition,Catalysts and Chemicals,$MM/yr,0
Carlsbad,Baseline,co2_addition,Electricity,$MM/yr,0.101405356
Carlsbad,Baseline,co2_addition,Fuel and Other Utilities,$MM/yr,0
Carlsbad,Baseline,co2_addition,Replacement Parts,$MM/yr,0
Carlsbad,Baseline,co2_addition,Other Operating Costs,$MM/yr,0
Carlsbad,Baseline,co2_addition,Total Variable Operating Costs,$MM/yr,0.101405356
Carlsbad,Baseline,co2_addition,Employee Salaries,$MM/yr,0.007763773
Carlsbad,Baseline,co2_addition,Benefits,$MM/yr,0.006987396
Carlsbad,Baseline,co2_addition,Maintenance,$MM/yr,0.06213683
Carlsbad,Baseline,co2_addition,Laboratory,$MM/yr,0.020712277
Carlsbad,Baseline,co2_addition,Insurance and Taxes,$MM/yr,0.014498594
Carlsbad,Baseline,co2_addition,Total Fixed Operating Costs,$MM/yr,0.11209887
Carlsbad,Baseline,co2_addition,Capacity_Basis_for_Fixed_Capital_Cost,,2271.246833
Carlsbad,Baseline,co2_addition,Base_Fixed_Capital_Cost,$MM,3
Carlsbad,Baseline,co2_addition,Capital_Scaling_Exponent,,0.7
Carlsbad,Baseline,co2_addition,Base_Employee_Salary_Cost,$MM/yr,0.003
Carlsbad,Baseline,co2_addition,Fixed_Op_Cost_Scaling_Exponent,,0.7
Carlsbad,Baseline,co2_addition,Basis_Year,,2019
Carlsbad,Baseline,co2_addition,Capital_and_Replacement_Parts,,1.016263894
Carlsbad,Baseline,co2_addition,Catalysts_and_Chemicals,,1.022155143
Carlsbad,Baseline,co2_addition,Labor_and_Other_Fixed_Costs,,1.015828148
Carlsbad,Baseline,co2_addition,Consumer_Price_Index,,1.020866356
Carlsbad,Baseline,co2_addition,Grid_Electricity,kWh,0.01
Carlsbad,Baseline,co2_addition,Inlet Water,m3/hr,8639
Carlsbad,Baseline,co2_addition,Outlet Water,m3/hr,8639
Carlsbad,Baseline,chlorination_twb,Fixed Capital Investment (FCI),$MM,3.530539282
Carlsbad,Baseline,chlorination_twb,Land_Cost,$MM,0.005295809
Carlsbad,Baseline,chlorination_twb,Working Capital,$MM,0.176526964
Carlsbad,Baseline,chlorination_twb,Total Capital Investment (TCI),$MM,3.712362055
Carlsbad,Baseline,chlorination_twb,Catalysts and Chemicals,$MM/yr,0.257297171
Carlsbad,Baseline,chlorination_twb,Electricity,$MM/yr,5.77E-05
Carlsbad,Baseline,chlorination_twb,Fuel and Other Utilities,$MM/yr,0
Carlsbad,Baseline,chlorination_twb,Replacement Parts,$MM/yr,0
Carlsbad,Baseline,chlorination_twb,Other Operating Costs,$MM/yr,0
Carlsbad,Baseline,chlorination_twb,Total Variable Operating Costs,$MM/yr,0.257354859
Carlsbad,Baseline,chlorination_twb,Employee Salaries,$MM/yr,0.00365016
Carlsbad,Baseline,chlorination_twb,Benefits,$MM/yr,0.003285144
Carlsbad,Baseline,chlorination_twb,Maintenance,$MM/yr,0.028244314
Carlsbad,Baseline,chlorination_twb,Laboratory,$MM/yr,0.009414771
Carlsbad,Baseline,chlorination_twb,Insurance and Taxes,$MM/yr,0.00659034
Carlsbad,Baseline,chlorination_twb,Total Fixed Operating Costs,$MM/yr,0.051184729
Carlsbad,Baseline,chlorination_twb,Capacity_Basis_for_Fixed_Capital_Cost,,10000
Carlsbad,Baseline,chlorination_twb,Base_Fixed_Capital_Cost,$MM,3.216119827
Carlsbad,Baseline,chlorination_twb,Capital_Scaling_Exponent,,0.5521
Carlsbad,Baseline,chlorination_twb,Base_Employee_Salary_Cost,$MM/yr,0.00321612
Carlsbad,Baseline,chlorination_twb,Fixed_Op_Cost_Scaling_Exponent,,0.7
Carlsbad,Baseline,chlorination_twb,Basis_Year,,2007
Carlsbad,Baseline,chlorination_twb,Capital_and_Replacement_Parts,,1.190128031
Carlsbad,Baseline,chlorination_twb,Catalysts_and_Chemicals,,1.44979311
Carlsbad,Baseline,chlorination_twb,Labor_and_Other_Fixed_Costs,,1.257370474
Carlsbad,Baseline,chlorination_twb,Consumer_Price_Index,,1.258749457
Carlsbad,Baseline,chlorination_twb,Grid_Electricity,kWh,0
Carlsbad,Baseline,chlorination_twb,Inlet Water,m3/hr,8639
Carlsbad,Baseline,chlorination_twb,Outlet Water,m3/hr,8639
Carlsbad,Baseline,ammonia_addition,Fixed Capital Investment (FCI),$MM,0.810622014
Carlsbad,Baseline,ammonia_addition,Land_Cost,$MM,0.001215933
Carlsbad,Baseline,ammonia_addition,Working Capital,$MM,0.040531101
Carlsbad,Baseline,ammonia_addition,Total Capital Investment (TCI),$MM,0.852369048
Carlsbad,Baseline,ammonia_addition,Catalysts and Chemicals,$MM/yr,0
Carlsbad,Baseline,ammonia_addition,Electricity,$MM/yr,1.15E-05
Carlsbad,Baseline,ammonia_addition,Fuel and Other Utilities,$MM/yr,0
Carlsbad,Baseline,ammonia_addition,Replacement Parts,$MM/yr,0
Carlsbad,Baseline,ammonia_addition,Other Operating Costs,$MM/yr,0
Carlsbad,Baseline,ammonia_addition,Total Variable Operating Costs,$MM/yr,1.15E-05
Carlsbad,Baseline,ammonia_addition,Employee Salaries,$MM/yr,0.000822272
Carlsbad,Baseline,ammonia_addition,Benefits,$MM/yr,0.000740044
Carlsbad,Baseline,ammonia_addition,Maintenance,$MM/yr,0.006484976
Carlsbad,Baseline,ammonia_addition,Laboratory,$MM/yr,0.002161659
Carlsbad,Baseline,ammonia_addition,Insurance and Taxes,$MM/yr,0.001513161
Carlsbad,Baseline,ammonia_addition,Total Fixed Operating Costs,$MM/yr,0.011722112
Carlsbad,Baseline,ammonia_addition,Capacity_Basis_for_Fixed_Capital_Cost,,10000
Carlsbad,Baseline,ammonia_addition,Base_Fixed_Capital_Cost,$MM,0.724495372
Carlsbad,Baseline,ammonia_addition,Capital_Scaling_Exponent,,0.4219
Carlsbad,Baseline,ammonia_addition,Base_Employee_Salary_Cost,$MM/yr,0.000724495
Carlsbad,Baseline,ammonia_addition,Fixed_Op_Cost_Scaling_Exponent,,0.7
Carlsbad,Baseline,ammonia_addition,Basis_Year,,2007
Carlsbad,Baseline,ammonia_addition,Capital_and_Replacement_Parts,,1.190128031
Carlsbad,Baseline,ammonia_addition,Catalysts_and_Chemicals,,1.44979311
Carlsbad,Baseline,ammonia_addition,Labor_and_Other_Fixed_Costs,,1.257370474
Carlsbad,Baseline,ammonia_addition,Consumer_Price_Index,,1.258749457
Carlsbad,Baseline,ammonia_addition,Grid_Electricity,kWh,0
Carlsbad,Baseline,ammonia_addition,Inlet Water,m3/hr,8639
Carlsbad,Baseline,ammonia_addition,Outlet Water,m3/hr,8639
Carlsbad,Baseline,treated_storage_24_hr,Fixed Capital Investment (FCI),$MM,36.56378852
Carlsbad,Baseline,treated_storage_24_hr,Land_Cost,$MM,0.054845683
Carlsbad,Baseline,treated_storage_24_hr,Working Capital,$MM,1.828189426
Carlsbad,Baseline,treated_storage_24_hr,Total Capital Investment (TCI),$MM,38.44682363
Carlsbad,Baseline,treated_storage_24_hr,Catalysts and Chemicals,$MM/yr,0
Carlsbad,Baseline,treated_storage_24_hr,Electricity,$MM/yr,0
Carlsbad,Baseline,treated_storage_24_hr,Fuel and Other Utilities,$MM/yr,0
Carlsbad,Baseline,treated_storage_24_hr,Replacement Parts,$MM/yr,0
Carlsbad,Baseline,treated_storage_24_hr,Other Operating Costs,$MM/yr,0
Carlsbad,Baseline,treated_storage_24_hr,Total Variable Operating Costs,$MM/yr,0
Carlsbad,Baseline,treated_storage_24_hr,Employee Salaries,$MM/yr,0.030941175
Carlsbad,Baseline,treated_storage_24_hr,Benefits,$MM/yr,0.027847057
Carlsbad,Baseline,treated_storage_24_hr,Maintenance,$MM/yr,0.292510308
Carlsbad,Baseline,treated_storage_24_hr,Laboratory,$MM/yr,0.097503436
Carlsbad,Baseline,treated_storage_24_hr,Insurance and Taxes,$MM/yr,0.068252405
Carlsbad,Baseline,treated_storage_24_hr,Total Fixed Operating Costs,$MM/yr,0.517054382
Carlsbad,Baseline,treated_storage_24_hr,Capacity_Basis_for_Fixed_Capital_Cost,,1577.255207
Carlsbad,Baseline,treated_storage_24_hr,Base_Fixed_Capital_Cost,$MM,6.8784383
Carlsbad,Baseline,treated_storage_24_hr,Capital_Scaling_Exponent,,0.7132
Carlsbad,Baseline,treated_storage_24_hr,Base_Employee_Salary_Cost,$MM/yr,0.006878438
Carlsbad,Baseline,treated_storage_24_hr,Fixed_Op_Cost_Scaling_Exponent,,0.7
Carlsbad,Baseline,treated_storage_24_hr,Basis_Year,,2002
Carlsbad,Baseline,treated_storage_24_hr,Capital_and_Replacement_Parts,,1.580619989
Carlsbad,Baseline,treated_storage_24_hr,Catalysts_and_Chemicals,,1.873763123
Carlsbad,Baseline,treated_storage_24_hr,Labor_and_Other_Fixed_Costs,,1.367923916
Carlsbad,Baseline,treated_storage_24_hr,Consumer_Price_Index,,1.450759477
Carlsbad,Baseline,treated_storage_24_hr,Grid_Electricity,kWh,0
Carlsbad,Baseline,treated_storage_24_hr,Inlet Water,m3/hr,8639
Carlsbad,Baseline,treated_storage_24_hr,Outlet Water,m3/hr,8639
Carlsbad,Baseline,municipal_drinking,Fixed Capital Investment (FCI),$MM,4.383651369
Carlsbad,Baseline,municipal_drinking,Land_Cost,$MM,0.006575477
Carlsbad,Baseline,municipal_drinking,Working Capital,$MM,0.219182568
Carlsbad,Baseline,municipal_drinking,Total Capital Investment (TCI),$MM,4.609409414
Carlsbad,Baseline,municipal_drinking,Catalysts and Chemicals,$MM/yr,0
Carlsbad,Baseline,municipal_drinking,Electricity,$MM/yr,3.115131867
Carlsbad,Baseline,municipal_drinking,Fuel and Other Utilities,$MM/yr,0
Carlsbad,Baseline,municipal_drinking,Replacement Parts,$MM/yr,0
Carlsbad,Baseline,municipal_drinking,Other Operating Costs,$MM/yr,0
Carlsbad,Baseline,municipal_drinking,Total Variable Operating Costs,$MM/yr,3.115131867
Carlsbad,Baseline,municipal_drinking,Employee Salaries,$MM/yr,0.004843488
Carlsbad,Baseline,municipal_drinking,Benefits,$MM/yr,0.004359139
Carlsbad,Baseline,municipal_drinking,Maintenance,$MM/yr,0.035069211
Carlsbad,Baseline,municipal_drinking,Laboratory,$MM/yr,0.011689737
Carlsbad,Baseline,municipal_drinking,Insurance and Taxes,$MM/yr,0.008182816
Carlsbad,Baseline,municipal_drinking,Total Fixed Operating Costs,$MM/yr,0.064144392
Carlsbad,Baseline,municipal_drinking,Capacity_Basis_for_Fixed_Capital_Cost,,15772.5491
Carlsbad,Baseline,municipal_drinking,Base_Fixed_Capital_Cost,$MM,7.381985478
Carlsbad,Baseline,municipal_drinking,Capital_Scaling_Exponent,,0.8657
Carlsbad,Baseline,municipal_drinking,Base_Employee_Salary_Cost,$MM/yr,0.007381985
Carlsbad,Baseline,municipal_drinking,Fixed_Op_Cost_Scaling_Exponent,,0.7
Carlsbad,Baseline,municipal_drinking,Basis_Year,,2020
Carlsbad,Baseline,municipal_drinking,Capital_and_Replacement_Parts,,1
Carlsbad,Baseline,municipal_drinking,Catalysts_and_Chemicals,,1
Carlsbad,Baseline,municipal_drinking,Labor_and_Other_Fixed_Costs,,1
Carlsbad,Baseline,municipal_drinking,Consumer_Price_Index,,1
Carlsbad,Baseline,municipal_drinking,Grid_Electricity,kWh,0.3072
Carlsbad,Baseline,municipal_drinking,Inlet Water,m3/hr,8639
Carlsbad,Baseline,municipal_drinking,Outlet Water,m3/hr,8639
Carlsbad,Baseline,backwash_solids_handling,Fixed Capital Investment (FCI),$MM,14.72287486
Carlsbad,Baseline,backwash_solids_handling,Land_Cost,$MM,0.022084312
Carlsbad,Baseline,backwash_solids_handling,Working Capital,$MM,0.736143743
Carlsbad,Baseline,backwash_solids_handling,Total Capital Investment (TCI),$MM,15.48110292
Carlsbad,Baseline,backwash_solids_handling,Catalysts and Chemicals,$MM/yr,0
Carlsbad,Baseline,backwash_solids_handling,Electricity,$MM/yr,0.245463576
Carlsbad,Baseline,backwash_solids_handling,Fuel and Other Utilities,$MM/yr,0
Carlsbad,Baseline,backwash_solids_handling,Replacement Parts,$MM/yr,0
Carlsbad,Baseline,backwash_solids_handling,Other Operating Costs,$MM/yr,0
Carlsbad,Baseline,backwash_solids_handling,Total Variable Operating Costs,$MM/yr,0.245463576
Carlsbad,Baseline,backwash_solids_handling,Employee Salaries,$MM/yr,0.014701698
Carlsbad,Baseline,backwash_solids_handling,Benefits,$MM/yr,0.013231528
Carlsbad,Baseline,backwash_solids_handling,Maintenance,$MM/yr,0.117782999
Carlsbad,Baseline,backwash_solids_handling,Laboratory,$MM/yr,0.039261
Carlsbad,Baseline,backwash_solids_handling,Insurance and Taxes,$MM/yr,0.0274827
Carlsbad,Baseline,backwash_solids_handling,Total Fixed Operating Costs,$MM/yr,0.212459924
Carlsbad,Baseline,backwash_solids_handling,Capacity_Basis_for_Fixed_Capital_Cost,,1577254.91
Carlsbad,Baseline,backwash_solids_handling,Base_Fixed_Capital_Cost,$MM,9.7583604
Carlsbad,Baseline,backwash_solids_handling,Capital_Scaling_Exponent,,0.918347912
Carlsbad,Baseline,backwash_solids_handling,Base_Employee_Salary_Cost,$MM/yr,0.00975836
Carlsbad,Baseline,backwash_solids_handling,Fixed_Op_Cost_Scaling_Exponent,,0.7
Carlsbad,Baseline,backwash_solids_handling,Basis_Year,,2007
Carlsbad,Baseline,backwash_solids_handling,Capital_and_Replacement_Parts,,1.190128031
Carlsbad,Baseline,backwash_solids_handling,Catalysts_and_Chemicals,,1.44979311
Carlsbad,Baseline,backwash_solids_handling,Labor_and_Other_Fixed_Costs,,1.257370474
Carlsbad,Baseline,backwash_solids_handling,Consumer_Price_Index,,1.258749457
Carlsbad,Baseline,backwash_solids_handling,Grid_Electricity,kWh,0.1024
Carlsbad,Baseline,backwash_solids_handling,Inlet Water,m3/hr,1823
Carlsbad,Baseline,backwash_solids_handling,Outlet Water,m3/hr,1732
Carlsbad,Baseline,surface_discharge,Fixed Capital Investment (FCI),$MM,27.68756789
Carlsbad,Baseline,surface_discharge,Land_Cost,$MM,0.041531352
Carlsbad,Baseline,surface_discharge,Working Capital,$MM,1.384378394
Carlsbad,Baseline,surface_discharge,Total Capital Investment (TCI),$MM,29.11347764
Carlsbad,Baseline,surface_discharge,Catalysts and Chemicals,$MM/yr,0
Carlsbad,Baseline,surface_discharge,Electricity,$MM/yr,1.04542122
Carlsbad,Baseline,surface_discharge,Fuel and Other Utilities,$MM/yr,0
Carlsbad,Baseline,surface_discharge,Replacement Parts,$MM/yr,0
Carlsbad,Baseline,surface_discharge,Other Operating Costs,$MM/yr,0
Carlsbad,Baseline,surface_discharge,Total Variable Operating Costs,$MM/yr,1.04542122
Carlsbad,Baseline,surface_discharge,Employee Salaries,$MM/yr,0.028618578
Carlsbad,Baseline,surface_discharge,Benefits,$MM/yr,0.02575672
Carlsbad,Baseline,surface_discharge,Maintenance,$MM/yr,0.221500543
Carlsbad,Baseline,surface_discharge,Laboratory,$MM/yr,0.073833514
Carlsbad,Baseline,surface_discharge,Insurance and Taxes,$MM/yr,0.05168346
Carlsbad,Baseline,surface_discharge,Total Fixed Operating Costs,$MM/yr,0.401392816
Carlsbad,Baseline,surface_discharge,Capacity_Basis_for_Fixed_Capital_Cost,,10416.66667
Carlsbad,Baseline,surface_discharge,Base_Fixed_Capital_Cost,$MM,35
Carlsbad,Baseline,surface_discharge,Capital_Scaling_Exponent,,0.8725
Carlsbad,Baseline,surface_discharge,Base_Employee_Salary_Cost,$MM/yr,0.035
Carlsbad,Baseline,surface_discharge,Fixed_Op_Cost_Scaling_Exponent,,0.7
Carlsbad,Baseline,surface_discharge,Basis_Year,,2020
Carlsbad,Baseline,surface_discharge,Capital_and_Replacement_Parts,,0.92591044
Carlsbad,Baseline,surface_discharge,Catalysts_and_Chemicals,,0.902221998
Carlsbad,Baseline,surface_discharge,Labor_and_Other_Fixed_Costs,,0.927723299
Carlsbad,Baseline,surface_discharge,Consumer_Price_Index,,0.92306317
Carlsbad,Baseline,surface_discharge,Grid_Electricity,kWh,0.102398663
Carlsbad,Baseline,surface_discharge,Inlet Water,m3/hr,"7,770"
Carlsbad,Baseline,surface_discharge,Outlet Water,m3/hr,"7,770"
Carlsbad,Baseline,landfill,Fixed Capital Investment (FCI),$MM,0.016240841
Carlsbad,Baseline,landfill,Land_Cost,$MM,2.44E-05
Carlsbad,Baseline,landfill,Working Capital,$MM,0.000812042
Carlsbad,Baseline,landfill,Total Capital Investment (TCI),$MM,0.017077244
Carlsbad,Baseline,landfill,Catalysts and Chemicals,$MM/yr,0
Carlsbad,Baseline,landfill,Electricity,$MM/yr,0
Carlsbad,Baseline,landfill,Fuel and Other Utilities,$MM/yr,0
Carlsbad,Baseline,landfill,Replacement Parts,$MM/yr,0
Carlsbad,Baseline,landfill,Other Operating Costs,$MM/yr,0
Carlsbad,Baseline,landfill,Total Variable Operating Costs,$MM/yr,0
Carlsbad,Baseline,landfill,Employee Salaries,$MM/yr,1.63E-05
Carlsbad,Baseline,landfill,Benefits,$MM/yr,1.46E-05
Carlsbad,Baseline,landfill,Maintenance,$MM/yr,0.000129927
Carlsbad,Baseline,landfill,Laboratory,$MM/yr,4.33E-05
Carlsbad,Baseline,landfill,Insurance and Taxes,$MM/yr,3.03E-05
Carlsbad,Baseline,landfill,Total Fixed Operating Costs,$MM/yr,0.00023447
Carlsbad,Baseline,landfill,Capacity_Basis_for_Fixed_Capital_Cost,,100000
Carlsbad,Baseline,landfill,Base_Fixed_Capital_Cost,$MM,1
Carlsbad,Baseline,landfill,Capital_Scaling_Exponent,,0.7
Carlsbad,Baseline,landfill,Base_Employee_Salary_Cost,$MM/yr,0.001
Carlsbad,Baseline,landfill,Fixed_Op_Cost_Scaling_Exponent,,0.7
Carlsbad,Baseline,landfill,Basis_Year,,2020
Carlsbad,Baseline,landfill,Capital_and_Replacement_Parts,,0.92591044
Carlsbad,Baseline,landfill,Catalysts_and_Chemicals,,0.902221998
Carlsbad,Baseline,landfill,Labor_and_Other_Fixed_Costs,,0.927723299
Carlsbad,Baseline,landfill,Consumer_Price_Index,,0.92306317
Carlsbad,Baseline,landfill,Grid_Electricity,kWh,0
Carlsbad,Baseline,landfill,Inlet Water,m3/hr,91
Carlsbad,Baseline,landfill,Outlet Water,m3/hr,0